-- GENERATED by scripts/generate-seed.ts — do not edit by hand.
-- Synthetic demo data. Re-run `bun run db:generate-seed` to refresh dates.
PRAGMA foreign_keys = ON;
DELETE FROM events;
DELETE FROM appointments;
DELETE FROM slots;
DELETE FROM call_logs;
DELETE FROM patients;
DELETE FROM practitioners;

INSERT INTO practitioners (id, name, role, specialty) VALUES ('gp-okafor', 'Dr Sarah Okafor', 'GP', 'General practice');
INSERT INTO practitioners (id, name, role, specialty) VALUES ('gp-patel', 'Dr Raj Patel', 'GP', 'General practice');
INSERT INTO practitioners (id, name, role, specialty) VALUES ('gp-campbell', 'Dr Fiona Campbell', 'GP', 'Women''s health');
INSERT INTO practitioners (id, name, role, specialty) VALUES ('dentist-hughes', 'Ms Alice Hughes', 'Dentist', 'General dentistry');
INSERT INTO practitioners (id, name, role, specialty) VALUES ('dentist-boateng', 'Mr Kofi Boateng', 'Dentist', 'General dentistry');

INSERT INTO patients (id, first_name, last_name, dob, phone, email) VALUES ('p-tomlin', 'John', 'Tomlin', '1979-11-05', '07700900001', 'john.tomlin@example.com');
INSERT INTO patients (id, first_name, last_name, dob, phone, email) VALUES ('p-ahmed', 'Yusuf', 'Ahmed', '1990-06-14', '07700900002', 'yusuf.ahmed@example.com');
INSERT INTO patients (id, first_name, last_name, dob, phone, email) VALUES ('p-clarke', 'Emily', 'Clarke', '2001-01-30', '07700900003', 'emily.clarke@example.com');
INSERT INTO patients (id, first_name, last_name, dob, phone, email) VALUES ('p-nowak', 'Marta', 'Nowak', '1966-09-09', '07700900004', 'marta.nowak@example.com');
INSERT INTO patients (id, first_name, last_name, dob, phone, email) VALUES ('p-reid', 'Grace', 'Reid', '1958-12-01', '07700900005', 'grace.reid@example.com');
INSERT INTO patients (id, first_name, last_name, dob, phone, email) VALUES ('p-osborne', 'Daniel', 'Osborne', '1988-07-19', '07700900006', 'daniel.osborne@example.com');

INSERT INTO slots (id, practitioner_id, starts_at, duration_minutes, status) VALUES ('slot-gp-okafor-20260702-0900', 'gp-okafor', '2026-07-02T08:00:00Z', 10, 'available');
INSERT INTO slots (id, practitioner_id, starts_at, duration_minutes, status) VALUES ('slot-gp-okafor-20260702-0910', 'gp-okafor', '2026-07-02T08:10:00Z', 10, 'available');
INSERT INTO slots (id, practitioner_id, starts_at, duration_minutes, status) VALUES ('slot-gp-okafor-20260702-0920', 'gp-okafor', '2026-07-02T08:20:00Z', 10, 'available');
INSERT INTO slots (id, practitioner_id, starts_at, duration_minutes, status) VALUES ('slot-gp-okafor-20260702-0930', 'gp-okafor', '2026-07-02T08:30:00Z', 10, 'available');
INSERT INTO slots (id, practitioner_id, starts_at, duration_minutes, status) VALUES ('slot-gp-okafor-20260702-1100', 'gp-okafor', '2026-07-02T10:00:00Z', 10, 'available');
INSERT INTO slots (id, practitioner_id, starts_at, duration_minutes, status) VALUES ('slot-gp-okafor-20260702-1110', 'gp-okafor', '2026-07-02T10:10:00Z', 10, 'available');
INSERT INTO slots (id, practitioner_id, starts_at, duration_minutes, status) VALUES ('slot-gp-okafor-20260702-1500', 'gp-okafor', '2026-07-02T14:00:00Z', 10, 'available');
INSERT INTO slots (id, practitioner_id, starts_at, duration_minutes, status) VALUES ('slot-gp-okafor-20260702-1510', 'gp-okafor', '2026-07-02T14:10:00Z', 10, 'available');
INSERT INTO slots (id, practitioner_id, starts_at, duration_minutes, status) VALUES ('slot-gp-patel-20260702-0900', 'gp-patel', '2026-07-02T08:00:00Z', 10, 'available');
INSERT INTO slots (id, practitioner_id, starts_at, duration_minutes, status) VALUES ('slot-gp-patel-20260702-0910', 'gp-patel', '2026-07-02T08:10:00Z', 10, 'available');
INSERT INTO slots (id, practitioner_id, starts_at, duration_minutes, status) VALUES ('slot-gp-patel-20260702-0920', 'gp-patel', '2026-07-02T08:20:00Z', 10, 'available');
INSERT INTO slots (id, practitioner_id, starts_at, duration_minutes, status) VALUES ('slot-gp-patel-20260702-0930', 'gp-patel', '2026-07-02T08:30:00Z', 10, 'available');
INSERT INTO slots (id, practitioner_id, starts_at, duration_minutes, status) VALUES ('slot-gp-patel-20260702-1100', 'gp-patel', '2026-07-02T10:00:00Z', 10, 'available');
INSERT INTO slots (id, practitioner_id, starts_at, duration_minutes, status) VALUES ('slot-gp-patel-20260702-1110', 'gp-patel', '2026-07-02T10:10:00Z', 10, 'available');
INSERT INTO slots (id, practitioner_id, starts_at, duration_minutes, status) VALUES ('slot-gp-patel-20260702-1500', 'gp-patel', '2026-07-02T14:00:00Z', 10, 'available');
INSERT INTO slots (id, practitioner_id, starts_at, duration_minutes, status) VALUES ('slot-gp-patel-20260702-1510', 'gp-patel', '2026-07-02T14:10:00Z', 10, 'available');
INSERT INTO slots (id, practitioner_id, starts_at, duration_minutes, status) VALUES ('slot-gp-campbell-20260702-0900', 'gp-campbell', '2026-07-02T08:00:00Z', 10, 'available');
INSERT INTO slots (id, practitioner_id, starts_at, duration_minutes, status) VALUES ('slot-gp-campbell-20260702-0910', 'gp-campbell', '2026-07-02T08:10:00Z', 10, 'available');
INSERT INTO slots (id, practitioner_id, starts_at, duration_minutes, status) VALUES ('slot-gp-campbell-20260702-0920', 'gp-campbell', '2026-07-02T08:20:00Z', 10, 'available');
INSERT INTO slots (id, practitioner_id, starts_at, duration_minutes, status) VALUES ('slot-gp-campbell-20260702-0930', 'gp-campbell', '2026-07-02T08:30:00Z', 10, 'available');
INSERT INTO slots (id, practitioner_id, starts_at, duration_minutes, status) VALUES ('slot-gp-campbell-20260702-1100', 'gp-campbell', '2026-07-02T10:00:00Z', 10, 'available');
INSERT INTO slots (id, practitioner_id, starts_at, duration_minutes, status) VALUES ('slot-gp-campbell-20260702-1110', 'gp-campbell', '2026-07-02T10:10:00Z', 10, 'available');
INSERT INTO slots (id, practitioner_id, starts_at, duration_minutes, status) VALUES ('slot-gp-campbell-20260702-1500', 'gp-campbell', '2026-07-02T14:00:00Z', 10, 'available');
INSERT INTO slots (id, practitioner_id, starts_at, duration_minutes, status) VALUES ('slot-gp-campbell-20260702-1510', 'gp-campbell', '2026-07-02T14:10:00Z', 10, 'available');
INSERT INTO slots (id, practitioner_id, starts_at, duration_minutes, status) VALUES ('slot-dentist-hughes-20260702-0900', 'dentist-hughes', '2026-07-02T08:00:00Z', 20, 'available');
INSERT INTO slots (id, practitioner_id, starts_at, duration_minutes, status) VALUES ('slot-dentist-hughes-20260702-0920', 'dentist-hughes', '2026-07-02T08:20:00Z', 20, 'available');
INSERT INTO slots (id, practitioner_id, starts_at, duration_minutes, status) VALUES ('slot-dentist-hughes-20260702-0940', 'dentist-hughes', '2026-07-02T08:40:00Z', 20, 'available');
INSERT INTO slots (id, practitioner_id, starts_at, duration_minutes, status) VALUES ('slot-dentist-hughes-20260702-1400', 'dentist-hughes', '2026-07-02T13:00:00Z', 20, 'available');
INSERT INTO slots (id, practitioner_id, starts_at, duration_minutes, status) VALUES ('slot-dentist-hughes-20260702-1420', 'dentist-hughes', '2026-07-02T13:20:00Z', 20, 'available');
INSERT INTO slots (id, practitioner_id, starts_at, duration_minutes, status) VALUES ('slot-dentist-boateng-20260702-0900', 'dentist-boateng', '2026-07-02T08:00:00Z', 20, 'available');
INSERT INTO slots (id, practitioner_id, starts_at, duration_minutes, status) VALUES ('slot-dentist-boateng-20260702-0920', 'dentist-boateng', '2026-07-02T08:20:00Z', 20, 'available');
INSERT INTO slots (id, practitioner_id, starts_at, duration_minutes, status) VALUES ('slot-dentist-boateng-20260702-0940', 'dentist-boateng', '2026-07-02T08:40:00Z', 20, 'available');
INSERT INTO slots (id, practitioner_id, starts_at, duration_minutes, status) VALUES ('slot-dentist-boateng-20260702-1400', 'dentist-boateng', '2026-07-02T13:00:00Z', 20, 'available');
INSERT INTO slots (id, practitioner_id, starts_at, duration_minutes, status) VALUES ('slot-dentist-boateng-20260702-1420', 'dentist-boateng', '2026-07-02T13:20:00Z', 20, 'available');
INSERT INTO slots (id, practitioner_id, starts_at, duration_minutes, status) VALUES ('slot-gp-okafor-20260703-0900', 'gp-okafor', '2026-07-03T08:00:00Z', 10, 'available');
INSERT INTO slots (id, practitioner_id, starts_at, duration_minutes, status) VALUES ('slot-gp-okafor-20260703-0910', 'gp-okafor', '2026-07-03T08:10:00Z', 10, 'available');
INSERT INTO slots (id, practitioner_id, starts_at, duration_minutes, status) VALUES ('slot-gp-okafor-20260703-0920', 'gp-okafor', '2026-07-03T08:20:00Z', 10, 'available');
INSERT INTO slots (id, practitioner_id, starts_at, duration_minutes, status) VALUES ('slot-gp-okafor-20260703-0930', 'gp-okafor', '2026-07-03T08:30:00Z', 10, 'available');
INSERT INTO slots (id, practitioner_id, starts_at, duration_minutes, status) VALUES ('slot-gp-okafor-20260703-1100', 'gp-okafor', '2026-07-03T10:00:00Z', 10, 'available');
INSERT INTO slots (id, practitioner_id, starts_at, duration_minutes, status) VALUES ('slot-gp-okafor-20260703-1110', 'gp-okafor', '2026-07-03T10:10:00Z', 10, 'available');
INSERT INTO slots (id, practitioner_id, starts_at, duration_minutes, status) VALUES ('slot-gp-okafor-20260703-1500', 'gp-okafor', '2026-07-03T14:00:00Z', 10, 'available');
INSERT INTO slots (id, practitioner_id, starts_at, duration_minutes, status) VALUES ('slot-gp-okafor-20260703-1510', 'gp-okafor', '2026-07-03T14:10:00Z', 10, 'available');
INSERT INTO slots (id, practitioner_id, starts_at, duration_minutes, status) VALUES ('slot-gp-patel-20260703-0900', 'gp-patel', '2026-07-03T08:00:00Z', 10, 'available');
INSERT INTO slots (id, practitioner_id, starts_at, duration_minutes, status) VALUES ('slot-gp-patel-20260703-0910', 'gp-patel', '2026-07-03T08:10:00Z', 10, 'available');
INSERT INTO slots (id, practitioner_id, starts_at, duration_minutes, status) VALUES ('slot-gp-patel-20260703-0920', 'gp-patel', '2026-07-03T08:20:00Z', 10, 'available');
INSERT INTO slots (id, practitioner_id, starts_at, duration_minutes, status) VALUES ('slot-gp-patel-20260703-0930', 'gp-patel', '2026-07-03T08:30:00Z', 10, 'available');
INSERT INTO slots (id, practitioner_id, starts_at, duration_minutes, status) VALUES ('slot-gp-patel-20260703-1100', 'gp-patel', '2026-07-03T10:00:00Z', 10, 'available');
INSERT INTO slots (id, practitioner_id, starts_at, duration_minutes, status) VALUES ('slot-gp-patel-20260703-1110', 'gp-patel', '2026-07-03T10:10:00Z', 10, 'available');
INSERT INTO slots (id, practitioner_id, starts_at, duration_minutes, status) VALUES ('slot-gp-patel-20260703-1500', 'gp-patel', '2026-07-03T14:00:00Z', 10, 'available');
INSERT INTO slots (id, practitioner_id, starts_at, duration_minutes, status) VALUES ('slot-gp-patel-20260703-1510', 'gp-patel', '2026-07-03T14:10:00Z', 10, 'available');
INSERT INTO slots (id, practitioner_id, starts_at, duration_minutes, status) VALUES ('slot-gp-campbell-20260703-0900', 'gp-campbell', '2026-07-03T08:00:00Z', 10, 'available');
INSERT INTO slots (id, practitioner_id, starts_at, duration_minutes, status) VALUES ('slot-gp-campbell-20260703-0910', 'gp-campbell', '2026-07-03T08:10:00Z', 10, 'available');
INSERT INTO slots (id, practitioner_id, starts_at, duration_minutes, status) VALUES ('slot-gp-campbell-20260703-0920', 'gp-campbell', '2026-07-03T08:20:00Z', 10, 'available');
INSERT INTO slots (id, practitioner_id, starts_at, duration_minutes, status) VALUES ('slot-gp-campbell-20260703-0930', 'gp-campbell', '2026-07-03T08:30:00Z', 10, 'available');
INSERT INTO slots (id, practitioner_id, starts_at, duration_minutes, status) VALUES ('slot-gp-campbell-20260703-1100', 'gp-campbell', '2026-07-03T10:00:00Z', 10, 'available');
INSERT INTO slots (id, practitioner_id, starts_at, duration_minutes, status) VALUES ('slot-gp-campbell-20260703-1110', 'gp-campbell', '2026-07-03T10:10:00Z', 10, 'available');
INSERT INTO slots (id, practitioner_id, starts_at, duration_minutes, status) VALUES ('slot-gp-campbell-20260703-1500', 'gp-campbell', '2026-07-03T14:00:00Z', 10, 'available');
INSERT INTO slots (id, practitioner_id, starts_at, duration_minutes, status) VALUES ('slot-gp-campbell-20260703-1510', 'gp-campbell', '2026-07-03T14:10:00Z', 10, 'available');
INSERT INTO slots (id, practitioner_id, starts_at, duration_minutes, status) VALUES ('slot-dentist-hughes-20260703-0900', 'dentist-hughes', '2026-07-03T08:00:00Z', 20, 'available');
INSERT INTO slots (id, practitioner_id, starts_at, duration_minutes, status) VALUES ('slot-dentist-hughes-20260703-0920', 'dentist-hughes', '2026-07-03T08:20:00Z', 20, 'available');
INSERT INTO slots (id, practitioner_id, starts_at, duration_minutes, status) VALUES ('slot-dentist-hughes-20260703-0940', 'dentist-hughes', '2026-07-03T08:40:00Z', 20, 'available');
INSERT INTO slots (id, practitioner_id, starts_at, duration_minutes, status) VALUES ('slot-dentist-hughes-20260703-1400', 'dentist-hughes', '2026-07-03T13:00:00Z', 20, 'available');
INSERT INTO slots (id, practitioner_id, starts_at, duration_minutes, status) VALUES ('slot-dentist-hughes-20260703-1420', 'dentist-hughes', '2026-07-03T13:20:00Z', 20, 'available');
INSERT INTO slots (id, practitioner_id, starts_at, duration_minutes, status) VALUES ('slot-dentist-boateng-20260703-0900', 'dentist-boateng', '2026-07-03T08:00:00Z', 20, 'available');
INSERT INTO slots (id, practitioner_id, starts_at, duration_minutes, status) VALUES ('slot-dentist-boateng-20260703-0920', 'dentist-boateng', '2026-07-03T08:20:00Z', 20, 'available');
INSERT INTO slots (id, practitioner_id, starts_at, duration_minutes, status) VALUES ('slot-dentist-boateng-20260703-0940', 'dentist-boateng', '2026-07-03T08:40:00Z', 20, 'available');
INSERT INTO slots (id, practitioner_id, starts_at, duration_minutes, status) VALUES ('slot-dentist-boateng-20260703-1400', 'dentist-boateng', '2026-07-03T13:00:00Z', 20, 'available');
INSERT INTO slots (id, practitioner_id, starts_at, duration_minutes, status) VALUES ('slot-dentist-boateng-20260703-1420', 'dentist-boateng', '2026-07-03T13:20:00Z', 20, 'available');
INSERT INTO slots (id, practitioner_id, starts_at, duration_minutes, status) VALUES ('slot-gp-okafor-20260706-0900', 'gp-okafor', '2026-07-06T08:00:00Z', 10, 'available');
INSERT INTO slots (id, practitioner_id, starts_at, duration_minutes, status) VALUES ('slot-gp-okafor-20260706-0910', 'gp-okafor', '2026-07-06T08:10:00Z', 10, 'available');
INSERT INTO slots (id, practitioner_id, starts_at, duration_minutes, status) VALUES ('slot-gp-okafor-20260706-0920', 'gp-okafor', '2026-07-06T08:20:00Z', 10, 'available');
INSERT INTO slots (id, practitioner_id, starts_at, duration_minutes, status) VALUES ('slot-gp-okafor-20260706-0930', 'gp-okafor', '2026-07-06T08:30:00Z', 10, 'available');
INSERT INTO slots (id, practitioner_id, starts_at, duration_minutes, status) VALUES ('slot-gp-okafor-20260706-1100', 'gp-okafor', '2026-07-06T10:00:00Z', 10, 'available');
INSERT INTO slots (id, practitioner_id, starts_at, duration_minutes, status) VALUES ('slot-gp-okafor-20260706-1110', 'gp-okafor', '2026-07-06T10:10:00Z', 10, 'available');
INSERT INTO slots (id, practitioner_id, starts_at, duration_minutes, status) VALUES ('slot-gp-okafor-20260706-1500', 'gp-okafor', '2026-07-06T14:00:00Z', 10, 'available');
INSERT INTO slots (id, practitioner_id, starts_at, duration_minutes, status) VALUES ('slot-gp-okafor-20260706-1510', 'gp-okafor', '2026-07-06T14:10:00Z', 10, 'available');
INSERT INTO slots (id, practitioner_id, starts_at, duration_minutes, status) VALUES ('slot-gp-patel-20260706-0900', 'gp-patel', '2026-07-06T08:00:00Z', 10, 'available');
INSERT INTO slots (id, practitioner_id, starts_at, duration_minutes, status) VALUES ('slot-gp-patel-20260706-0910', 'gp-patel', '2026-07-06T08:10:00Z', 10, 'available');
INSERT INTO slots (id, practitioner_id, starts_at, duration_minutes, status) VALUES ('slot-gp-patel-20260706-0920', 'gp-patel', '2026-07-06T08:20:00Z', 10, 'available');
INSERT INTO slots (id, practitioner_id, starts_at, duration_minutes, status) VALUES ('slot-gp-patel-20260706-0930', 'gp-patel', '2026-07-06T08:30:00Z', 10, 'available');
INSERT INTO slots (id, practitioner_id, starts_at, duration_minutes, status) VALUES ('slot-gp-patel-20260706-1100', 'gp-patel', '2026-07-06T10:00:00Z', 10, 'available');
INSERT INTO slots (id, practitioner_id, starts_at, duration_minutes, status) VALUES ('slot-gp-patel-20260706-1110', 'gp-patel', '2026-07-06T10:10:00Z', 10, 'available');
INSERT INTO slots (id, practitioner_id, starts_at, duration_minutes, status) VALUES ('slot-gp-patel-20260706-1500', 'gp-patel', '2026-07-06T14:00:00Z', 10, 'available');
INSERT INTO slots (id, practitioner_id, starts_at, duration_minutes, status) VALUES ('slot-gp-patel-20260706-1510', 'gp-patel', '2026-07-06T14:10:00Z', 10, 'available');
INSERT INTO slots (id, practitioner_id, starts_at, duration_minutes, status) VALUES ('slot-gp-campbell-20260706-0900', 'gp-campbell', '2026-07-06T08:00:00Z', 10, 'available');
INSERT INTO slots (id, practitioner_id, starts_at, duration_minutes, status) VALUES ('slot-gp-campbell-20260706-0910', 'gp-campbell', '2026-07-06T08:10:00Z', 10, 'available');
INSERT INTO slots (id, practitioner_id, starts_at, duration_minutes, status) VALUES ('slot-gp-campbell-20260706-0920', 'gp-campbell', '2026-07-06T08:20:00Z', 10, 'available');
INSERT INTO slots (id, practitioner_id, starts_at, duration_minutes, status) VALUES ('slot-gp-campbell-20260706-0930', 'gp-campbell', '2026-07-06T08:30:00Z', 10, 'available');
INSERT INTO slots (id, practitioner_id, starts_at, duration_minutes, status) VALUES ('slot-gp-campbell-20260706-1100', 'gp-campbell', '2026-07-06T10:00:00Z', 10, 'available');
INSERT INTO slots (id, practitioner_id, starts_at, duration_minutes, status) VALUES ('slot-gp-campbell-20260706-1110', 'gp-campbell', '2026-07-06T10:10:00Z', 10, 'available');
INSERT INTO slots (id, practitioner_id, starts_at, duration_minutes, status) VALUES ('slot-gp-campbell-20260706-1500', 'gp-campbell', '2026-07-06T14:00:00Z', 10, 'available');
INSERT INTO slots (id, practitioner_id, starts_at, duration_minutes, status) VALUES ('slot-gp-campbell-20260706-1510', 'gp-campbell', '2026-07-06T14:10:00Z', 10, 'available');
INSERT INTO slots (id, practitioner_id, starts_at, duration_minutes, status) VALUES ('slot-dentist-hughes-20260706-0900', 'dentist-hughes', '2026-07-06T08:00:00Z', 20, 'available');
INSERT INTO slots (id, practitioner_id, starts_at, duration_minutes, status) VALUES ('slot-dentist-hughes-20260706-0920', 'dentist-hughes', '2026-07-06T08:20:00Z', 20, 'available');
INSERT INTO slots (id, practitioner_id, starts_at, duration_minutes, status) VALUES ('slot-dentist-hughes-20260706-0940', 'dentist-hughes', '2026-07-06T08:40:00Z', 20, 'available');
INSERT INTO slots (id, practitioner_id, starts_at, duration_minutes, status) VALUES ('slot-dentist-hughes-20260706-1400', 'dentist-hughes', '2026-07-06T13:00:00Z', 20, 'available');
INSERT INTO slots (id, practitioner_id, starts_at, duration_minutes, status) VALUES ('slot-dentist-hughes-20260706-1420', 'dentist-hughes', '2026-07-06T13:20:00Z', 20, 'available');
INSERT INTO slots (id, practitioner_id, starts_at, duration_minutes, status) VALUES ('slot-dentist-boateng-20260706-0900', 'dentist-boateng', '2026-07-06T08:00:00Z', 20, 'available');
INSERT INTO slots (id, practitioner_id, starts_at, duration_minutes, status) VALUES ('slot-dentist-boateng-20260706-0920', 'dentist-boateng', '2026-07-06T08:20:00Z', 20, 'available');
INSERT INTO slots (id, practitioner_id, starts_at, duration_minutes, status) VALUES ('slot-dentist-boateng-20260706-0940', 'dentist-boateng', '2026-07-06T08:40:00Z', 20, 'available');
INSERT INTO slots (id, practitioner_id, starts_at, duration_minutes, status) VALUES ('slot-dentist-boateng-20260706-1400', 'dentist-boateng', '2026-07-06T13:00:00Z', 20, 'available');
INSERT INTO slots (id, practitioner_id, starts_at, duration_minutes, status) VALUES ('slot-dentist-boateng-20260706-1420', 'dentist-boateng', '2026-07-06T13:20:00Z', 20, 'available');
INSERT INTO slots (id, practitioner_id, starts_at, duration_minutes, status) VALUES ('slot-gp-okafor-20260707-0900', 'gp-okafor', '2026-07-07T08:00:00Z', 10, 'available');
INSERT INTO slots (id, practitioner_id, starts_at, duration_minutes, status) VALUES ('slot-gp-okafor-20260707-0910', 'gp-okafor', '2026-07-07T08:10:00Z', 10, 'available');
INSERT INTO slots (id, practitioner_id, starts_at, duration_minutes, status) VALUES ('slot-gp-okafor-20260707-0920', 'gp-okafor', '2026-07-07T08:20:00Z', 10, 'available');
INSERT INTO slots (id, practitioner_id, starts_at, duration_minutes, status) VALUES ('slot-gp-okafor-20260707-0930', 'gp-okafor', '2026-07-07T08:30:00Z', 10, 'available');
INSERT INTO slots (id, practitioner_id, starts_at, duration_minutes, status) VALUES ('slot-gp-okafor-20260707-1100', 'gp-okafor', '2026-07-07T10:00:00Z', 10, 'available');
INSERT INTO slots (id, practitioner_id, starts_at, duration_minutes, status) VALUES ('slot-gp-okafor-20260707-1110', 'gp-okafor', '2026-07-07T10:10:00Z', 10, 'available');
INSERT INTO slots (id, practitioner_id, starts_at, duration_minutes, status) VALUES ('slot-gp-okafor-20260707-1500', 'gp-okafor', '2026-07-07T14:00:00Z', 10, 'available');
INSERT INTO slots (id, practitioner_id, starts_at, duration_minutes, status) VALUES ('slot-gp-okafor-20260707-1510', 'gp-okafor', '2026-07-07T14:10:00Z', 10, 'available');
INSERT INTO slots (id, practitioner_id, starts_at, duration_minutes, status) VALUES ('slot-gp-patel-20260707-0900', 'gp-patel', '2026-07-07T08:00:00Z', 10, 'available');
INSERT INTO slots (id, practitioner_id, starts_at, duration_minutes, status) VALUES ('slot-gp-patel-20260707-0910', 'gp-patel', '2026-07-07T08:10:00Z', 10, 'available');
INSERT INTO slots (id, practitioner_id, starts_at, duration_minutes, status) VALUES ('slot-gp-patel-20260707-0920', 'gp-patel', '2026-07-07T08:20:00Z', 10, 'available');
INSERT INTO slots (id, practitioner_id, starts_at, duration_minutes, status) VALUES ('slot-gp-patel-20260707-0930', 'gp-patel', '2026-07-07T08:30:00Z', 10, 'available');
INSERT INTO slots (id, practitioner_id, starts_at, duration_minutes, status) VALUES ('slot-gp-patel-20260707-1100', 'gp-patel', '2026-07-07T10:00:00Z', 10, 'available');
INSERT INTO slots (id, practitioner_id, starts_at, duration_minutes, status) VALUES ('slot-gp-patel-20260707-1110', 'gp-patel', '2026-07-07T10:10:00Z', 10, 'available');
INSERT INTO slots (id, practitioner_id, starts_at, duration_minutes, status) VALUES ('slot-gp-patel-20260707-1500', 'gp-patel', '2026-07-07T14:00:00Z', 10, 'available');
INSERT INTO slots (id, practitioner_id, starts_at, duration_minutes, status) VALUES ('slot-gp-patel-20260707-1510', 'gp-patel', '2026-07-07T14:10:00Z', 10, 'available');
INSERT INTO slots (id, practitioner_id, starts_at, duration_minutes, status) VALUES ('slot-gp-campbell-20260707-0900', 'gp-campbell', '2026-07-07T08:00:00Z', 10, 'available');
INSERT INTO slots (id, practitioner_id, starts_at, duration_minutes, status) VALUES ('slot-gp-campbell-20260707-0910', 'gp-campbell', '2026-07-07T08:10:00Z', 10, 'available');
INSERT INTO slots (id, practitioner_id, starts_at, duration_minutes, status) VALUES ('slot-gp-campbell-20260707-0920', 'gp-campbell', '2026-07-07T08:20:00Z', 10, 'available');
INSERT INTO slots (id, practitioner_id, starts_at, duration_minutes, status) VALUES ('slot-gp-campbell-20260707-0930', 'gp-campbell', '2026-07-07T08:30:00Z', 10, 'available');
INSERT INTO slots (id, practitioner_id, starts_at, duration_minutes, status) VALUES ('slot-gp-campbell-20260707-1100', 'gp-campbell', '2026-07-07T10:00:00Z', 10, 'available');
INSERT INTO slots (id, practitioner_id, starts_at, duration_minutes, status) VALUES ('slot-gp-campbell-20260707-1110', 'gp-campbell', '2026-07-07T10:10:00Z', 10, 'available');
INSERT INTO slots (id, practitioner_id, starts_at, duration_minutes, status) VALUES ('slot-gp-campbell-20260707-1500', 'gp-campbell', '2026-07-07T14:00:00Z', 10, 'available');
INSERT INTO slots (id, practitioner_id, starts_at, duration_minutes, status) VALUES ('slot-gp-campbell-20260707-1510', 'gp-campbell', '2026-07-07T14:10:00Z', 10, 'available');
INSERT INTO slots (id, practitioner_id, starts_at, duration_minutes, status) VALUES ('slot-dentist-hughes-20260707-0900', 'dentist-hughes', '2026-07-07T08:00:00Z', 20, 'available');
INSERT INTO slots (id, practitioner_id, starts_at, duration_minutes, status) VALUES ('slot-dentist-hughes-20260707-0920', 'dentist-hughes', '2026-07-07T08:20:00Z', 20, 'available');
INSERT INTO slots (id, practitioner_id, starts_at, duration_minutes, status) VALUES ('slot-dentist-hughes-20260707-0940', 'dentist-hughes', '2026-07-07T08:40:00Z', 20, 'available');
INSERT INTO slots (id, practitioner_id, starts_at, duration_minutes, status) VALUES ('slot-dentist-hughes-20260707-1400', 'dentist-hughes', '2026-07-07T13:00:00Z', 20, 'available');
INSERT INTO slots (id, practitioner_id, starts_at, duration_minutes, status) VALUES ('slot-dentist-hughes-20260707-1420', 'dentist-hughes', '2026-07-07T13:20:00Z', 20, 'available');
INSERT INTO slots (id, practitioner_id, starts_at, duration_minutes, status) VALUES ('slot-dentist-boateng-20260707-0900', 'dentist-boateng', '2026-07-07T08:00:00Z', 20, 'available');
INSERT INTO slots (id, practitioner_id, starts_at, duration_minutes, status) VALUES ('slot-dentist-boateng-20260707-0920', 'dentist-boateng', '2026-07-07T08:20:00Z', 20, 'available');
INSERT INTO slots (id, practitioner_id, starts_at, duration_minutes, status) VALUES ('slot-dentist-boateng-20260707-0940', 'dentist-boateng', '2026-07-07T08:40:00Z', 20, 'available');
INSERT INTO slots (id, practitioner_id, starts_at, duration_minutes, status) VALUES ('slot-dentist-boateng-20260707-1400', 'dentist-boateng', '2026-07-07T13:00:00Z', 20, 'available');
INSERT INTO slots (id, practitioner_id, starts_at, duration_minutes, status) VALUES ('slot-dentist-boateng-20260707-1420', 'dentist-boateng', '2026-07-07T13:20:00Z', 20, 'available');
INSERT INTO slots (id, practitioner_id, starts_at, duration_minutes, status) VALUES ('slot-gp-okafor-20260708-0900', 'gp-okafor', '2026-07-08T08:00:00Z', 10, 'available');
INSERT INTO slots (id, practitioner_id, starts_at, duration_minutes, status) VALUES ('slot-gp-okafor-20260708-0910', 'gp-okafor', '2026-07-08T08:10:00Z', 10, 'available');
INSERT INTO slots (id, practitioner_id, starts_at, duration_minutes, status) VALUES ('slot-gp-okafor-20260708-0920', 'gp-okafor', '2026-07-08T08:20:00Z', 10, 'available');
INSERT INTO slots (id, practitioner_id, starts_at, duration_minutes, status) VALUES ('slot-gp-okafor-20260708-0930', 'gp-okafor', '2026-07-08T08:30:00Z', 10, 'available');
INSERT INTO slots (id, practitioner_id, starts_at, duration_minutes, status) VALUES ('slot-gp-okafor-20260708-1100', 'gp-okafor', '2026-07-08T10:00:00Z', 10, 'available');
INSERT INTO slots (id, practitioner_id, starts_at, duration_minutes, status) VALUES ('slot-gp-okafor-20260708-1110', 'gp-okafor', '2026-07-08T10:10:00Z', 10, 'available');
INSERT INTO slots (id, practitioner_id, starts_at, duration_minutes, status) VALUES ('slot-gp-okafor-20260708-1500', 'gp-okafor', '2026-07-08T14:00:00Z', 10, 'available');
INSERT INTO slots (id, practitioner_id, starts_at, duration_minutes, status) VALUES ('slot-gp-okafor-20260708-1510', 'gp-okafor', '2026-07-08T14:10:00Z', 10, 'available');
INSERT INTO slots (id, practitioner_id, starts_at, duration_minutes, status) VALUES ('slot-gp-patel-20260708-0900', 'gp-patel', '2026-07-08T08:00:00Z', 10, 'available');
INSERT INTO slots (id, practitioner_id, starts_at, duration_minutes, status) VALUES ('slot-gp-patel-20260708-0910', 'gp-patel', '2026-07-08T08:10:00Z', 10, 'available');
INSERT INTO slots (id, practitioner_id, starts_at, duration_minutes, status) VALUES ('slot-gp-patel-20260708-0920', 'gp-patel', '2026-07-08T08:20:00Z', 10, 'available');
INSERT INTO slots (id, practitioner_id, starts_at, duration_minutes, status) VALUES ('slot-gp-patel-20260708-0930', 'gp-patel', '2026-07-08T08:30:00Z', 10, 'available');
INSERT INTO slots (id, practitioner_id, starts_at, duration_minutes, status) VALUES ('slot-gp-patel-20260708-1100', 'gp-patel', '2026-07-08T10:00:00Z', 10, 'available');
INSERT INTO slots (id, practitioner_id, starts_at, duration_minutes, status) VALUES ('slot-gp-patel-20260708-1110', 'gp-patel', '2026-07-08T10:10:00Z', 10, 'available');
INSERT INTO slots (id, practitioner_id, starts_at, duration_minutes, status) VALUES ('slot-gp-patel-20260708-1500', 'gp-patel', '2026-07-08T14:00:00Z', 10, 'available');
INSERT INTO slots (id, practitioner_id, starts_at, duration_minutes, status) VALUES ('slot-gp-patel-20260708-1510', 'gp-patel', '2026-07-08T14:10:00Z', 10, 'available');
INSERT INTO slots (id, practitioner_id, starts_at, duration_minutes, status) VALUES ('slot-gp-campbell-20260708-0900', 'gp-campbell', '2026-07-08T08:00:00Z', 10, 'available');
INSERT INTO slots (id, practitioner_id, starts_at, duration_minutes, status) VALUES ('slot-gp-campbell-20260708-0910', 'gp-campbell', '2026-07-08T08:10:00Z', 10, 'available');
INSERT INTO slots (id, practitioner_id, starts_at, duration_minutes, status) VALUES ('slot-gp-campbell-20260708-0920', 'gp-campbell', '2026-07-08T08:20:00Z', 10, 'available');
INSERT INTO slots (id, practitioner_id, starts_at, duration_minutes, status) VALUES ('slot-gp-campbell-20260708-0930', 'gp-campbell', '2026-07-08T08:30:00Z', 10, 'available');
INSERT INTO slots (id, practitioner_id, starts_at, duration_minutes, status) VALUES ('slot-gp-campbell-20260708-1100', 'gp-campbell', '2026-07-08T10:00:00Z', 10, 'available');
INSERT INTO slots (id, practitioner_id, starts_at, duration_minutes, status) VALUES ('slot-gp-campbell-20260708-1110', 'gp-campbell', '2026-07-08T10:10:00Z', 10, 'available');
INSERT INTO slots (id, practitioner_id, starts_at, duration_minutes, status) VALUES ('slot-gp-campbell-20260708-1500', 'gp-campbell', '2026-07-08T14:00:00Z', 10, 'available');
INSERT INTO slots (id, practitioner_id, starts_at, duration_minutes, status) VALUES ('slot-gp-campbell-20260708-1510', 'gp-campbell', '2026-07-08T14:10:00Z', 10, 'available');
INSERT INTO slots (id, practitioner_id, starts_at, duration_minutes, status) VALUES ('slot-dentist-hughes-20260708-0900', 'dentist-hughes', '2026-07-08T08:00:00Z', 20, 'available');
INSERT INTO slots (id, practitioner_id, starts_at, duration_minutes, status) VALUES ('slot-dentist-hughes-20260708-0920', 'dentist-hughes', '2026-07-08T08:20:00Z', 20, 'available');
INSERT INTO slots (id, practitioner_id, starts_at, duration_minutes, status) VALUES ('slot-dentist-hughes-20260708-0940', 'dentist-hughes', '2026-07-08T08:40:00Z', 20, 'available');
INSERT INTO slots (id, practitioner_id, starts_at, duration_minutes, status) VALUES ('slot-dentist-hughes-20260708-1400', 'dentist-hughes', '2026-07-08T13:00:00Z', 20, 'available');
INSERT INTO slots (id, practitioner_id, starts_at, duration_minutes, status) VALUES ('slot-dentist-hughes-20260708-1420', 'dentist-hughes', '2026-07-08T13:20:00Z', 20, 'available');
INSERT INTO slots (id, practitioner_id, starts_at, duration_minutes, status) VALUES ('slot-dentist-boateng-20260708-0900', 'dentist-boateng', '2026-07-08T08:00:00Z', 20, 'available');
INSERT INTO slots (id, practitioner_id, starts_at, duration_minutes, status) VALUES ('slot-dentist-boateng-20260708-0920', 'dentist-boateng', '2026-07-08T08:20:00Z', 20, 'available');
INSERT INTO slots (id, practitioner_id, starts_at, duration_minutes, status) VALUES ('slot-dentist-boateng-20260708-0940', 'dentist-boateng', '2026-07-08T08:40:00Z', 20, 'available');
INSERT INTO slots (id, practitioner_id, starts_at, duration_minutes, status) VALUES ('slot-dentist-boateng-20260708-1400', 'dentist-boateng', '2026-07-08T13:00:00Z', 20, 'available');
INSERT INTO slots (id, practitioner_id, starts_at, duration_minutes, status) VALUES ('slot-dentist-boateng-20260708-1420', 'dentist-boateng', '2026-07-08T13:20:00Z', 20, 'available');
INSERT INTO slots (id, practitioner_id, starts_at, duration_minutes, status) VALUES ('slot-gp-okafor-20260709-0900', 'gp-okafor', '2026-07-09T08:00:00Z', 10, 'available');
INSERT INTO slots (id, practitioner_id, starts_at, duration_minutes, status) VALUES ('slot-gp-okafor-20260709-0910', 'gp-okafor', '2026-07-09T08:10:00Z', 10, 'available');
INSERT INTO slots (id, practitioner_id, starts_at, duration_minutes, status) VALUES ('slot-gp-okafor-20260709-0920', 'gp-okafor', '2026-07-09T08:20:00Z', 10, 'available');
INSERT INTO slots (id, practitioner_id, starts_at, duration_minutes, status) VALUES ('slot-gp-okafor-20260709-0930', 'gp-okafor', '2026-07-09T08:30:00Z', 10, 'available');
INSERT INTO slots (id, practitioner_id, starts_at, duration_minutes, status) VALUES ('slot-gp-okafor-20260709-1100', 'gp-okafor', '2026-07-09T10:00:00Z', 10, 'available');
INSERT INTO slots (id, practitioner_id, starts_at, duration_minutes, status) VALUES ('slot-gp-okafor-20260709-1110', 'gp-okafor', '2026-07-09T10:10:00Z', 10, 'available');
INSERT INTO slots (id, practitioner_id, starts_at, duration_minutes, status) VALUES ('slot-gp-okafor-20260709-1500', 'gp-okafor', '2026-07-09T14:00:00Z', 10, 'available');
INSERT INTO slots (id, practitioner_id, starts_at, duration_minutes, status) VALUES ('slot-gp-okafor-20260709-1510', 'gp-okafor', '2026-07-09T14:10:00Z', 10, 'available');
INSERT INTO slots (id, practitioner_id, starts_at, duration_minutes, status) VALUES ('slot-gp-patel-20260709-0900', 'gp-patel', '2026-07-09T08:00:00Z', 10, 'available');
INSERT INTO slots (id, practitioner_id, starts_at, duration_minutes, status) VALUES ('slot-gp-patel-20260709-0910', 'gp-patel', '2026-07-09T08:10:00Z', 10, 'available');
INSERT INTO slots (id, practitioner_id, starts_at, duration_minutes, status) VALUES ('slot-gp-patel-20260709-0920', 'gp-patel', '2026-07-09T08:20:00Z', 10, 'available');
INSERT INTO slots (id, practitioner_id, starts_at, duration_minutes, status) VALUES ('slot-gp-patel-20260709-0930', 'gp-patel', '2026-07-09T08:30:00Z', 10, 'available');
INSERT INTO slots (id, practitioner_id, starts_at, duration_minutes, status) VALUES ('slot-gp-patel-20260709-1100', 'gp-patel', '2026-07-09T10:00:00Z', 10, 'available');
INSERT INTO slots (id, practitioner_id, starts_at, duration_minutes, status) VALUES ('slot-gp-patel-20260709-1110', 'gp-patel', '2026-07-09T10:10:00Z', 10, 'available');
INSERT INTO slots (id, practitioner_id, starts_at, duration_minutes, status) VALUES ('slot-gp-patel-20260709-1500', 'gp-patel', '2026-07-09T14:00:00Z', 10, 'available');
INSERT INTO slots (id, practitioner_id, starts_at, duration_minutes, status) VALUES ('slot-gp-patel-20260709-1510', 'gp-patel', '2026-07-09T14:10:00Z', 10, 'available');
INSERT INTO slots (id, practitioner_id, starts_at, duration_minutes, status) VALUES ('slot-gp-campbell-20260709-0900', 'gp-campbell', '2026-07-09T08:00:00Z', 10, 'available');
INSERT INTO slots (id, practitioner_id, starts_at, duration_minutes, status) VALUES ('slot-gp-campbell-20260709-0910', 'gp-campbell', '2026-07-09T08:10:00Z', 10, 'available');
INSERT INTO slots (id, practitioner_id, starts_at, duration_minutes, status) VALUES ('slot-gp-campbell-20260709-0920', 'gp-campbell', '2026-07-09T08:20:00Z', 10, 'available');
INSERT INTO slots (id, practitioner_id, starts_at, duration_minutes, status) VALUES ('slot-gp-campbell-20260709-0930', 'gp-campbell', '2026-07-09T08:30:00Z', 10, 'available');
INSERT INTO slots (id, practitioner_id, starts_at, duration_minutes, status) VALUES ('slot-gp-campbell-20260709-1100', 'gp-campbell', '2026-07-09T10:00:00Z', 10, 'available');
INSERT INTO slots (id, practitioner_id, starts_at, duration_minutes, status) VALUES ('slot-gp-campbell-20260709-1110', 'gp-campbell', '2026-07-09T10:10:00Z', 10, 'available');
INSERT INTO slots (id, practitioner_id, starts_at, duration_minutes, status) VALUES ('slot-gp-campbell-20260709-1500', 'gp-campbell', '2026-07-09T14:00:00Z', 10, 'available');
INSERT INTO slots (id, practitioner_id, starts_at, duration_minutes, status) VALUES ('slot-gp-campbell-20260709-1510', 'gp-campbell', '2026-07-09T14:10:00Z', 10, 'available');
INSERT INTO slots (id, practitioner_id, starts_at, duration_minutes, status) VALUES ('slot-dentist-hughes-20260709-0900', 'dentist-hughes', '2026-07-09T08:00:00Z', 20, 'available');
INSERT INTO slots (id, practitioner_id, starts_at, duration_minutes, status) VALUES ('slot-dentist-hughes-20260709-0920', 'dentist-hughes', '2026-07-09T08:20:00Z', 20, 'available');
INSERT INTO slots (id, practitioner_id, starts_at, duration_minutes, status) VALUES ('slot-dentist-hughes-20260709-0940', 'dentist-hughes', '2026-07-09T08:40:00Z', 20, 'available');
INSERT INTO slots (id, practitioner_id, starts_at, duration_minutes, status) VALUES ('slot-dentist-hughes-20260709-1400', 'dentist-hughes', '2026-07-09T13:00:00Z', 20, 'available');
INSERT INTO slots (id, practitioner_id, starts_at, duration_minutes, status) VALUES ('slot-dentist-hughes-20260709-1420', 'dentist-hughes', '2026-07-09T13:20:00Z', 20, 'available');
INSERT INTO slots (id, practitioner_id, starts_at, duration_minutes, status) VALUES ('slot-dentist-boateng-20260709-0900', 'dentist-boateng', '2026-07-09T08:00:00Z', 20, 'available');
INSERT INTO slots (id, practitioner_id, starts_at, duration_minutes, status) VALUES ('slot-dentist-boateng-20260709-0920', 'dentist-boateng', '2026-07-09T08:20:00Z', 20, 'available');
INSERT INTO slots (id, practitioner_id, starts_at, duration_minutes, status) VALUES ('slot-dentist-boateng-20260709-0940', 'dentist-boateng', '2026-07-09T08:40:00Z', 20, 'available');
INSERT INTO slots (id, practitioner_id, starts_at, duration_minutes, status) VALUES ('slot-dentist-boateng-20260709-1400', 'dentist-boateng', '2026-07-09T13:00:00Z', 20, 'available');
INSERT INTO slots (id, practitioner_id, starts_at, duration_minutes, status) VALUES ('slot-dentist-boateng-20260709-1420', 'dentist-boateng', '2026-07-09T13:20:00Z', 20, 'available');
INSERT INTO slots (id, practitioner_id, starts_at, duration_minutes, status) VALUES ('slot-gp-okafor-20260710-0900', 'gp-okafor', '2026-07-10T08:00:00Z', 10, 'available');
INSERT INTO slots (id, practitioner_id, starts_at, duration_minutes, status) VALUES ('slot-gp-okafor-20260710-0910', 'gp-okafor', '2026-07-10T08:10:00Z', 10, 'available');
INSERT INTO slots (id, practitioner_id, starts_at, duration_minutes, status) VALUES ('slot-gp-okafor-20260710-0920', 'gp-okafor', '2026-07-10T08:20:00Z', 10, 'available');
INSERT INTO slots (id, practitioner_id, starts_at, duration_minutes, status) VALUES ('slot-gp-okafor-20260710-0930', 'gp-okafor', '2026-07-10T08:30:00Z', 10, 'available');
INSERT INTO slots (id, practitioner_id, starts_at, duration_minutes, status) VALUES ('slot-gp-okafor-20260710-1100', 'gp-okafor', '2026-07-10T10:00:00Z', 10, 'available');
INSERT INTO slots (id, practitioner_id, starts_at, duration_minutes, status) VALUES ('slot-gp-okafor-20260710-1110', 'gp-okafor', '2026-07-10T10:10:00Z', 10, 'available');
INSERT INTO slots (id, practitioner_id, starts_at, duration_minutes, status) VALUES ('slot-gp-okafor-20260710-1500', 'gp-okafor', '2026-07-10T14:00:00Z', 10, 'available');
INSERT INTO slots (id, practitioner_id, starts_at, duration_minutes, status) VALUES ('slot-gp-okafor-20260710-1510', 'gp-okafor', '2026-07-10T14:10:00Z', 10, 'available');
INSERT INTO slots (id, practitioner_id, starts_at, duration_minutes, status) VALUES ('slot-gp-patel-20260710-0900', 'gp-patel', '2026-07-10T08:00:00Z', 10, 'available');
INSERT INTO slots (id, practitioner_id, starts_at, duration_minutes, status) VALUES ('slot-gp-patel-20260710-0910', 'gp-patel', '2026-07-10T08:10:00Z', 10, 'available');
INSERT INTO slots (id, practitioner_id, starts_at, duration_minutes, status) VALUES ('slot-gp-patel-20260710-0920', 'gp-patel', '2026-07-10T08:20:00Z', 10, 'available');
INSERT INTO slots (id, practitioner_id, starts_at, duration_minutes, status) VALUES ('slot-gp-patel-20260710-0930', 'gp-patel', '2026-07-10T08:30:00Z', 10, 'available');
INSERT INTO slots (id, practitioner_id, starts_at, duration_minutes, status) VALUES ('slot-gp-patel-20260710-1100', 'gp-patel', '2026-07-10T10:00:00Z', 10, 'available');
INSERT INTO slots (id, practitioner_id, starts_at, duration_minutes, status) VALUES ('slot-gp-patel-20260710-1110', 'gp-patel', '2026-07-10T10:10:00Z', 10, 'available');
INSERT INTO slots (id, practitioner_id, starts_at, duration_minutes, status) VALUES ('slot-gp-patel-20260710-1500', 'gp-patel', '2026-07-10T14:00:00Z', 10, 'available');
INSERT INTO slots (id, practitioner_id, starts_at, duration_minutes, status) VALUES ('slot-gp-patel-20260710-1510', 'gp-patel', '2026-07-10T14:10:00Z', 10, 'available');
INSERT INTO slots (id, practitioner_id, starts_at, duration_minutes, status) VALUES ('slot-gp-campbell-20260710-0900', 'gp-campbell', '2026-07-10T08:00:00Z', 10, 'available');
INSERT INTO slots (id, practitioner_id, starts_at, duration_minutes, status) VALUES ('slot-gp-campbell-20260710-0910', 'gp-campbell', '2026-07-10T08:10:00Z', 10, 'available');
INSERT INTO slots (id, practitioner_id, starts_at, duration_minutes, status) VALUES ('slot-gp-campbell-20260710-0920', 'gp-campbell', '2026-07-10T08:20:00Z', 10, 'available');
INSERT INTO slots (id, practitioner_id, starts_at, duration_minutes, status) VALUES ('slot-gp-campbell-20260710-0930', 'gp-campbell', '2026-07-10T08:30:00Z', 10, 'available');
INSERT INTO slots (id, practitioner_id, starts_at, duration_minutes, status) VALUES ('slot-gp-campbell-20260710-1100', 'gp-campbell', '2026-07-10T10:00:00Z', 10, 'available');
INSERT INTO slots (id, practitioner_id, starts_at, duration_minutes, status) VALUES ('slot-gp-campbell-20260710-1110', 'gp-campbell', '2026-07-10T10:10:00Z', 10, 'available');
INSERT INTO slots (id, practitioner_id, starts_at, duration_minutes, status) VALUES ('slot-gp-campbell-20260710-1500', 'gp-campbell', '2026-07-10T14:00:00Z', 10, 'available');
INSERT INTO slots (id, practitioner_id, starts_at, duration_minutes, status) VALUES ('slot-gp-campbell-20260710-1510', 'gp-campbell', '2026-07-10T14:10:00Z', 10, 'available');
INSERT INTO slots (id, practitioner_id, starts_at, duration_minutes, status) VALUES ('slot-dentist-hughes-20260710-0900', 'dentist-hughes', '2026-07-10T08:00:00Z', 20, 'available');
INSERT INTO slots (id, practitioner_id, starts_at, duration_minutes, status) VALUES ('slot-dentist-hughes-20260710-0920', 'dentist-hughes', '2026-07-10T08:20:00Z', 20, 'available');
INSERT INTO slots (id, practitioner_id, starts_at, duration_minutes, status) VALUES ('slot-dentist-hughes-20260710-0940', 'dentist-hughes', '2026-07-10T08:40:00Z', 20, 'available');
INSERT INTO slots (id, practitioner_id, starts_at, duration_minutes, status) VALUES ('slot-dentist-hughes-20260710-1400', 'dentist-hughes', '2026-07-10T13:00:00Z', 20, 'available');
INSERT INTO slots (id, practitioner_id, starts_at, duration_minutes, status) VALUES ('slot-dentist-hughes-20260710-1420', 'dentist-hughes', '2026-07-10T13:20:00Z', 20, 'available');
INSERT INTO slots (id, practitioner_id, starts_at, duration_minutes, status) VALUES ('slot-dentist-boateng-20260710-0900', 'dentist-boateng', '2026-07-10T08:00:00Z', 20, 'available');
INSERT INTO slots (id, practitioner_id, starts_at, duration_minutes, status) VALUES ('slot-dentist-boateng-20260710-0920', 'dentist-boateng', '2026-07-10T08:20:00Z', 20, 'available');
INSERT INTO slots (id, practitioner_id, starts_at, duration_minutes, status) VALUES ('slot-dentist-boateng-20260710-0940', 'dentist-boateng', '2026-07-10T08:40:00Z', 20, 'available');
INSERT INTO slots (id, practitioner_id, starts_at, duration_minutes, status) VALUES ('slot-dentist-boateng-20260710-1400', 'dentist-boateng', '2026-07-10T13:00:00Z', 20, 'available');
INSERT INTO slots (id, practitioner_id, starts_at, duration_minutes, status) VALUES ('slot-dentist-boateng-20260710-1420', 'dentist-boateng', '2026-07-10T13:20:00Z', 20, 'available');
INSERT INTO slots (id, practitioner_id, starts_at, duration_minutes, status) VALUES ('slot-gp-okafor-20260713-0900', 'gp-okafor', '2026-07-13T08:00:00Z', 10, 'available');
INSERT INTO slots (id, practitioner_id, starts_at, duration_minutes, status) VALUES ('slot-gp-okafor-20260713-0910', 'gp-okafor', '2026-07-13T08:10:00Z', 10, 'available');
INSERT INTO slots (id, practitioner_id, starts_at, duration_minutes, status) VALUES ('slot-gp-okafor-20260713-0920', 'gp-okafor', '2026-07-13T08:20:00Z', 10, 'available');
INSERT INTO slots (id, practitioner_id, starts_at, duration_minutes, status) VALUES ('slot-gp-okafor-20260713-0930', 'gp-okafor', '2026-07-13T08:30:00Z', 10, 'available');
INSERT INTO slots (id, practitioner_id, starts_at, duration_minutes, status) VALUES ('slot-gp-okafor-20260713-1100', 'gp-okafor', '2026-07-13T10:00:00Z', 10, 'available');
INSERT INTO slots (id, practitioner_id, starts_at, duration_minutes, status) VALUES ('slot-gp-okafor-20260713-1110', 'gp-okafor', '2026-07-13T10:10:00Z', 10, 'available');
INSERT INTO slots (id, practitioner_id, starts_at, duration_minutes, status) VALUES ('slot-gp-okafor-20260713-1500', 'gp-okafor', '2026-07-13T14:00:00Z', 10, 'available');
INSERT INTO slots (id, practitioner_id, starts_at, duration_minutes, status) VALUES ('slot-gp-okafor-20260713-1510', 'gp-okafor', '2026-07-13T14:10:00Z', 10, 'available');
INSERT INTO slots (id, practitioner_id, starts_at, duration_minutes, status) VALUES ('slot-gp-patel-20260713-0900', 'gp-patel', '2026-07-13T08:00:00Z', 10, 'available');
INSERT INTO slots (id, practitioner_id, starts_at, duration_minutes, status) VALUES ('slot-gp-patel-20260713-0910', 'gp-patel', '2026-07-13T08:10:00Z', 10, 'available');
INSERT INTO slots (id, practitioner_id, starts_at, duration_minutes, status) VALUES ('slot-gp-patel-20260713-0920', 'gp-patel', '2026-07-13T08:20:00Z', 10, 'available');
INSERT INTO slots (id, practitioner_id, starts_at, duration_minutes, status) VALUES ('slot-gp-patel-20260713-0930', 'gp-patel', '2026-07-13T08:30:00Z', 10, 'available');
INSERT INTO slots (id, practitioner_id, starts_at, duration_minutes, status) VALUES ('slot-gp-patel-20260713-1100', 'gp-patel', '2026-07-13T10:00:00Z', 10, 'available');
INSERT INTO slots (id, practitioner_id, starts_at, duration_minutes, status) VALUES ('slot-gp-patel-20260713-1110', 'gp-patel', '2026-07-13T10:10:00Z', 10, 'available');
INSERT INTO slots (id, practitioner_id, starts_at, duration_minutes, status) VALUES ('slot-gp-patel-20260713-1500', 'gp-patel', '2026-07-13T14:00:00Z', 10, 'available');
INSERT INTO slots (id, practitioner_id, starts_at, duration_minutes, status) VALUES ('slot-gp-patel-20260713-1510', 'gp-patel', '2026-07-13T14:10:00Z', 10, 'available');
INSERT INTO slots (id, practitioner_id, starts_at, duration_minutes, status) VALUES ('slot-gp-campbell-20260713-0900', 'gp-campbell', '2026-07-13T08:00:00Z', 10, 'available');
INSERT INTO slots (id, practitioner_id, starts_at, duration_minutes, status) VALUES ('slot-gp-campbell-20260713-0910', 'gp-campbell', '2026-07-13T08:10:00Z', 10, 'available');
INSERT INTO slots (id, practitioner_id, starts_at, duration_minutes, status) VALUES ('slot-gp-campbell-20260713-0920', 'gp-campbell', '2026-07-13T08:20:00Z', 10, 'available');
INSERT INTO slots (id, practitioner_id, starts_at, duration_minutes, status) VALUES ('slot-gp-campbell-20260713-0930', 'gp-campbell', '2026-07-13T08:30:00Z', 10, 'available');
INSERT INTO slots (id, practitioner_id, starts_at, duration_minutes, status) VALUES ('slot-gp-campbell-20260713-1100', 'gp-campbell', '2026-07-13T10:00:00Z', 10, 'available');
INSERT INTO slots (id, practitioner_id, starts_at, duration_minutes, status) VALUES ('slot-gp-campbell-20260713-1110', 'gp-campbell', '2026-07-13T10:10:00Z', 10, 'available');
INSERT INTO slots (id, practitioner_id, starts_at, duration_minutes, status) VALUES ('slot-gp-campbell-20260713-1500', 'gp-campbell', '2026-07-13T14:00:00Z', 10, 'available');
INSERT INTO slots (id, practitioner_id, starts_at, duration_minutes, status) VALUES ('slot-gp-campbell-20260713-1510', 'gp-campbell', '2026-07-13T14:10:00Z', 10, 'available');
INSERT INTO slots (id, practitioner_id, starts_at, duration_minutes, status) VALUES ('slot-dentist-hughes-20260713-0900', 'dentist-hughes', '2026-07-13T08:00:00Z', 20, 'available');
INSERT INTO slots (id, practitioner_id, starts_at, duration_minutes, status) VALUES ('slot-dentist-hughes-20260713-0920', 'dentist-hughes', '2026-07-13T08:20:00Z', 20, 'available');
INSERT INTO slots (id, practitioner_id, starts_at, duration_minutes, status) VALUES ('slot-dentist-hughes-20260713-0940', 'dentist-hughes', '2026-07-13T08:40:00Z', 20, 'available');
INSERT INTO slots (id, practitioner_id, starts_at, duration_minutes, status) VALUES ('slot-dentist-hughes-20260713-1400', 'dentist-hughes', '2026-07-13T13:00:00Z', 20, 'available');
INSERT INTO slots (id, practitioner_id, starts_at, duration_minutes, status) VALUES ('slot-dentist-hughes-20260713-1420', 'dentist-hughes', '2026-07-13T13:20:00Z', 20, 'available');
INSERT INTO slots (id, practitioner_id, starts_at, duration_minutes, status) VALUES ('slot-dentist-boateng-20260713-0900', 'dentist-boateng', '2026-07-13T08:00:00Z', 20, 'available');
INSERT INTO slots (id, practitioner_id, starts_at, duration_minutes, status) VALUES ('slot-dentist-boateng-20260713-0920', 'dentist-boateng', '2026-07-13T08:20:00Z', 20, 'available');
INSERT INTO slots (id, practitioner_id, starts_at, duration_minutes, status) VALUES ('slot-dentist-boateng-20260713-0940', 'dentist-boateng', '2026-07-13T08:40:00Z', 20, 'available');
INSERT INTO slots (id, practitioner_id, starts_at, duration_minutes, status) VALUES ('slot-dentist-boateng-20260713-1400', 'dentist-boateng', '2026-07-13T13:00:00Z', 20, 'available');
INSERT INTO slots (id, practitioner_id, starts_at, duration_minutes, status) VALUES ('slot-dentist-boateng-20260713-1420', 'dentist-boateng', '2026-07-13T13:20:00Z', 20, 'available');
INSERT INTO slots (id, practitioner_id, starts_at, duration_minutes, status) VALUES ('slot-gp-okafor-20260714-0900', 'gp-okafor', '2026-07-14T08:00:00Z', 10, 'available');
INSERT INTO slots (id, practitioner_id, starts_at, duration_minutes, status) VALUES ('slot-gp-okafor-20260714-0910', 'gp-okafor', '2026-07-14T08:10:00Z', 10, 'available');
INSERT INTO slots (id, practitioner_id, starts_at, duration_minutes, status) VALUES ('slot-gp-okafor-20260714-0920', 'gp-okafor', '2026-07-14T08:20:00Z', 10, 'available');
INSERT INTO slots (id, practitioner_id, starts_at, duration_minutes, status) VALUES ('slot-gp-okafor-20260714-0930', 'gp-okafor', '2026-07-14T08:30:00Z', 10, 'available');
INSERT INTO slots (id, practitioner_id, starts_at, duration_minutes, status) VALUES ('slot-gp-okafor-20260714-1100', 'gp-okafor', '2026-07-14T10:00:00Z', 10, 'available');
INSERT INTO slots (id, practitioner_id, starts_at, duration_minutes, status) VALUES ('slot-gp-okafor-20260714-1110', 'gp-okafor', '2026-07-14T10:10:00Z', 10, 'available');
INSERT INTO slots (id, practitioner_id, starts_at, duration_minutes, status) VALUES ('slot-gp-okafor-20260714-1500', 'gp-okafor', '2026-07-14T14:00:00Z', 10, 'available');
INSERT INTO slots (id, practitioner_id, starts_at, duration_minutes, status) VALUES ('slot-gp-okafor-20260714-1510', 'gp-okafor', '2026-07-14T14:10:00Z', 10, 'available');
INSERT INTO slots (id, practitioner_id, starts_at, duration_minutes, status) VALUES ('slot-gp-patel-20260714-0900', 'gp-patel', '2026-07-14T08:00:00Z', 10, 'available');
INSERT INTO slots (id, practitioner_id, starts_at, duration_minutes, status) VALUES ('slot-gp-patel-20260714-0910', 'gp-patel', '2026-07-14T08:10:00Z', 10, 'available');
INSERT INTO slots (id, practitioner_id, starts_at, duration_minutes, status) VALUES ('slot-gp-patel-20260714-0920', 'gp-patel', '2026-07-14T08:20:00Z', 10, 'available');
INSERT INTO slots (id, practitioner_id, starts_at, duration_minutes, status) VALUES ('slot-gp-patel-20260714-0930', 'gp-patel', '2026-07-14T08:30:00Z', 10, 'available');
INSERT INTO slots (id, practitioner_id, starts_at, duration_minutes, status) VALUES ('slot-gp-patel-20260714-1100', 'gp-patel', '2026-07-14T10:00:00Z', 10, 'available');
INSERT INTO slots (id, practitioner_id, starts_at, duration_minutes, status) VALUES ('slot-gp-patel-20260714-1110', 'gp-patel', '2026-07-14T10:10:00Z', 10, 'available');
INSERT INTO slots (id, practitioner_id, starts_at, duration_minutes, status) VALUES ('slot-gp-patel-20260714-1500', 'gp-patel', '2026-07-14T14:00:00Z', 10, 'available');
INSERT INTO slots (id, practitioner_id, starts_at, duration_minutes, status) VALUES ('slot-gp-patel-20260714-1510', 'gp-patel', '2026-07-14T14:10:00Z', 10, 'available');
INSERT INTO slots (id, practitioner_id, starts_at, duration_minutes, status) VALUES ('slot-gp-campbell-20260714-0900', 'gp-campbell', '2026-07-14T08:00:00Z', 10, 'available');
INSERT INTO slots (id, practitioner_id, starts_at, duration_minutes, status) VALUES ('slot-gp-campbell-20260714-0910', 'gp-campbell', '2026-07-14T08:10:00Z', 10, 'available');
INSERT INTO slots (id, practitioner_id, starts_at, duration_minutes, status) VALUES ('slot-gp-campbell-20260714-0920', 'gp-campbell', '2026-07-14T08:20:00Z', 10, 'available');
INSERT INTO slots (id, practitioner_id, starts_at, duration_minutes, status) VALUES ('slot-gp-campbell-20260714-0930', 'gp-campbell', '2026-07-14T08:30:00Z', 10, 'available');
INSERT INTO slots (id, practitioner_id, starts_at, duration_minutes, status) VALUES ('slot-gp-campbell-20260714-1100', 'gp-campbell', '2026-07-14T10:00:00Z', 10, 'available');
INSERT INTO slots (id, practitioner_id, starts_at, duration_minutes, status) VALUES ('slot-gp-campbell-20260714-1110', 'gp-campbell', '2026-07-14T10:10:00Z', 10, 'available');
INSERT INTO slots (id, practitioner_id, starts_at, duration_minutes, status) VALUES ('slot-gp-campbell-20260714-1500', 'gp-campbell', '2026-07-14T14:00:00Z', 10, 'available');
INSERT INTO slots (id, practitioner_id, starts_at, duration_minutes, status) VALUES ('slot-gp-campbell-20260714-1510', 'gp-campbell', '2026-07-14T14:10:00Z', 10, 'available');
INSERT INTO slots (id, practitioner_id, starts_at, duration_minutes, status) VALUES ('slot-dentist-hughes-20260714-0900', 'dentist-hughes', '2026-07-14T08:00:00Z', 20, 'available');
INSERT INTO slots (id, practitioner_id, starts_at, duration_minutes, status) VALUES ('slot-dentist-hughes-20260714-0920', 'dentist-hughes', '2026-07-14T08:20:00Z', 20, 'available');
INSERT INTO slots (id, practitioner_id, starts_at, duration_minutes, status) VALUES ('slot-dentist-hughes-20260714-0940', 'dentist-hughes', '2026-07-14T08:40:00Z', 20, 'available');
INSERT INTO slots (id, practitioner_id, starts_at, duration_minutes, status) VALUES ('slot-dentist-hughes-20260714-1400', 'dentist-hughes', '2026-07-14T13:00:00Z', 20, 'available');
INSERT INTO slots (id, practitioner_id, starts_at, duration_minutes, status) VALUES ('slot-dentist-hughes-20260714-1420', 'dentist-hughes', '2026-07-14T13:20:00Z', 20, 'available');
INSERT INTO slots (id, practitioner_id, starts_at, duration_minutes, status) VALUES ('slot-dentist-boateng-20260714-0900', 'dentist-boateng', '2026-07-14T08:00:00Z', 20, 'available');
INSERT INTO slots (id, practitioner_id, starts_at, duration_minutes, status) VALUES ('slot-dentist-boateng-20260714-0920', 'dentist-boateng', '2026-07-14T08:20:00Z', 20, 'available');
INSERT INTO slots (id, practitioner_id, starts_at, duration_minutes, status) VALUES ('slot-dentist-boateng-20260714-0940', 'dentist-boateng', '2026-07-14T08:40:00Z', 20, 'available');
INSERT INTO slots (id, practitioner_id, starts_at, duration_minutes, status) VALUES ('slot-dentist-boateng-20260714-1400', 'dentist-boateng', '2026-07-14T13:00:00Z', 20, 'available');
INSERT INTO slots (id, practitioner_id, starts_at, duration_minutes, status) VALUES ('slot-dentist-boateng-20260714-1420', 'dentist-boateng', '2026-07-14T13:20:00Z', 20, 'available');
INSERT INTO slots (id, practitioner_id, starts_at, duration_minutes, status) VALUES ('slot-gp-okafor-20260715-0900', 'gp-okafor', '2026-07-15T08:00:00Z', 10, 'available');
INSERT INTO slots (id, practitioner_id, starts_at, duration_minutes, status) VALUES ('slot-gp-okafor-20260715-0910', 'gp-okafor', '2026-07-15T08:10:00Z', 10, 'available');
INSERT INTO slots (id, practitioner_id, starts_at, duration_minutes, status) VALUES ('slot-gp-okafor-20260715-0920', 'gp-okafor', '2026-07-15T08:20:00Z', 10, 'available');
INSERT INTO slots (id, practitioner_id, starts_at, duration_minutes, status) VALUES ('slot-gp-okafor-20260715-0930', 'gp-okafor', '2026-07-15T08:30:00Z', 10, 'available');
INSERT INTO slots (id, practitioner_id, starts_at, duration_minutes, status) VALUES ('slot-gp-okafor-20260715-1100', 'gp-okafor', '2026-07-15T10:00:00Z', 10, 'available');
INSERT INTO slots (id, practitioner_id, starts_at, duration_minutes, status) VALUES ('slot-gp-okafor-20260715-1110', 'gp-okafor', '2026-07-15T10:10:00Z', 10, 'available');
INSERT INTO slots (id, practitioner_id, starts_at, duration_minutes, status) VALUES ('slot-gp-okafor-20260715-1500', 'gp-okafor', '2026-07-15T14:00:00Z', 10, 'available');
INSERT INTO slots (id, practitioner_id, starts_at, duration_minutes, status) VALUES ('slot-gp-okafor-20260715-1510', 'gp-okafor', '2026-07-15T14:10:00Z', 10, 'available');
INSERT INTO slots (id, practitioner_id, starts_at, duration_minutes, status) VALUES ('slot-gp-patel-20260715-0900', 'gp-patel', '2026-07-15T08:00:00Z', 10, 'available');
INSERT INTO slots (id, practitioner_id, starts_at, duration_minutes, status) VALUES ('slot-gp-patel-20260715-0910', 'gp-patel', '2026-07-15T08:10:00Z', 10, 'available');
INSERT INTO slots (id, practitioner_id, starts_at, duration_minutes, status) VALUES ('slot-gp-patel-20260715-0920', 'gp-patel', '2026-07-15T08:20:00Z', 10, 'available');
INSERT INTO slots (id, practitioner_id, starts_at, duration_minutes, status) VALUES ('slot-gp-patel-20260715-0930', 'gp-patel', '2026-07-15T08:30:00Z', 10, 'available');
INSERT INTO slots (id, practitioner_id, starts_at, duration_minutes, status) VALUES ('slot-gp-patel-20260715-1100', 'gp-patel', '2026-07-15T10:00:00Z', 10, 'available');
INSERT INTO slots (id, practitioner_id, starts_at, duration_minutes, status) VALUES ('slot-gp-patel-20260715-1110', 'gp-patel', '2026-07-15T10:10:00Z', 10, 'available');
INSERT INTO slots (id, practitioner_id, starts_at, duration_minutes, status) VALUES ('slot-gp-patel-20260715-1500', 'gp-patel', '2026-07-15T14:00:00Z', 10, 'available');
INSERT INTO slots (id, practitioner_id, starts_at, duration_minutes, status) VALUES ('slot-gp-patel-20260715-1510', 'gp-patel', '2026-07-15T14:10:00Z', 10, 'available');
INSERT INTO slots (id, practitioner_id, starts_at, duration_minutes, status) VALUES ('slot-gp-campbell-20260715-0900', 'gp-campbell', '2026-07-15T08:00:00Z', 10, 'available');
INSERT INTO slots (id, practitioner_id, starts_at, duration_minutes, status) VALUES ('slot-gp-campbell-20260715-0910', 'gp-campbell', '2026-07-15T08:10:00Z', 10, 'available');
INSERT INTO slots (id, practitioner_id, starts_at, duration_minutes, status) VALUES ('slot-gp-campbell-20260715-0920', 'gp-campbell', '2026-07-15T08:20:00Z', 10, 'available');
INSERT INTO slots (id, practitioner_id, starts_at, duration_minutes, status) VALUES ('slot-gp-campbell-20260715-0930', 'gp-campbell', '2026-07-15T08:30:00Z', 10, 'available');
INSERT INTO slots (id, practitioner_id, starts_at, duration_minutes, status) VALUES ('slot-gp-campbell-20260715-1100', 'gp-campbell', '2026-07-15T10:00:00Z', 10, 'available');
INSERT INTO slots (id, practitioner_id, starts_at, duration_minutes, status) VALUES ('slot-gp-campbell-20260715-1110', 'gp-campbell', '2026-07-15T10:10:00Z', 10, 'available');
INSERT INTO slots (id, practitioner_id, starts_at, duration_minutes, status) VALUES ('slot-gp-campbell-20260715-1500', 'gp-campbell', '2026-07-15T14:00:00Z', 10, 'available');
INSERT INTO slots (id, practitioner_id, starts_at, duration_minutes, status) VALUES ('slot-gp-campbell-20260715-1510', 'gp-campbell', '2026-07-15T14:10:00Z', 10, 'available');
INSERT INTO slots (id, practitioner_id, starts_at, duration_minutes, status) VALUES ('slot-dentist-hughes-20260715-0900', 'dentist-hughes', '2026-07-15T08:00:00Z', 20, 'available');
INSERT INTO slots (id, practitioner_id, starts_at, duration_minutes, status) VALUES ('slot-dentist-hughes-20260715-0920', 'dentist-hughes', '2026-07-15T08:20:00Z', 20, 'available');
INSERT INTO slots (id, practitioner_id, starts_at, duration_minutes, status) VALUES ('slot-dentist-hughes-20260715-0940', 'dentist-hughes', '2026-07-15T08:40:00Z', 20, 'available');
INSERT INTO slots (id, practitioner_id, starts_at, duration_minutes, status) VALUES ('slot-dentist-hughes-20260715-1400', 'dentist-hughes', '2026-07-15T13:00:00Z', 20, 'available');
INSERT INTO slots (id, practitioner_id, starts_at, duration_minutes, status) VALUES ('slot-dentist-hughes-20260715-1420', 'dentist-hughes', '2026-07-15T13:20:00Z', 20, 'available');
INSERT INTO slots (id, practitioner_id, starts_at, duration_minutes, status) VALUES ('slot-dentist-boateng-20260715-0900', 'dentist-boateng', '2026-07-15T08:00:00Z', 20, 'available');
INSERT INTO slots (id, practitioner_id, starts_at, duration_minutes, status) VALUES ('slot-dentist-boateng-20260715-0920', 'dentist-boateng', '2026-07-15T08:20:00Z', 20, 'available');
INSERT INTO slots (id, practitioner_id, starts_at, duration_minutes, status) VALUES ('slot-dentist-boateng-20260715-0940', 'dentist-boateng', '2026-07-15T08:40:00Z', 20, 'available');
INSERT INTO slots (id, practitioner_id, starts_at, duration_minutes, status) VALUES ('slot-dentist-boateng-20260715-1400', 'dentist-boateng', '2026-07-15T13:00:00Z', 20, 'available');
INSERT INTO slots (id, practitioner_id, starts_at, duration_minutes, status) VALUES ('slot-dentist-boateng-20260715-1420', 'dentist-boateng', '2026-07-15T13:20:00Z', 20, 'available');
INSERT INTO slots (id, practitioner_id, starts_at, duration_minutes, status) VALUES ('slot-gp-okafor-20260716-0900', 'gp-okafor', '2026-07-16T08:00:00Z', 10, 'available');
INSERT INTO slots (id, practitioner_id, starts_at, duration_minutes, status) VALUES ('slot-gp-okafor-20260716-0910', 'gp-okafor', '2026-07-16T08:10:00Z', 10, 'available');
INSERT INTO slots (id, practitioner_id, starts_at, duration_minutes, status) VALUES ('slot-gp-okafor-20260716-0920', 'gp-okafor', '2026-07-16T08:20:00Z', 10, 'available');
INSERT INTO slots (id, practitioner_id, starts_at, duration_minutes, status) VALUES ('slot-gp-okafor-20260716-0930', 'gp-okafor', '2026-07-16T08:30:00Z', 10, 'available');
INSERT INTO slots (id, practitioner_id, starts_at, duration_minutes, status) VALUES ('slot-gp-okafor-20260716-1100', 'gp-okafor', '2026-07-16T10:00:00Z', 10, 'available');
INSERT INTO slots (id, practitioner_id, starts_at, duration_minutes, status) VALUES ('slot-gp-okafor-20260716-1110', 'gp-okafor', '2026-07-16T10:10:00Z', 10, 'available');
INSERT INTO slots (id, practitioner_id, starts_at, duration_minutes, status) VALUES ('slot-gp-okafor-20260716-1500', 'gp-okafor', '2026-07-16T14:00:00Z', 10, 'available');
INSERT INTO slots (id, practitioner_id, starts_at, duration_minutes, status) VALUES ('slot-gp-okafor-20260716-1510', 'gp-okafor', '2026-07-16T14:10:00Z', 10, 'available');
INSERT INTO slots (id, practitioner_id, starts_at, duration_minutes, status) VALUES ('slot-gp-patel-20260716-0900', 'gp-patel', '2026-07-16T08:00:00Z', 10, 'available');
INSERT INTO slots (id, practitioner_id, starts_at, duration_minutes, status) VALUES ('slot-gp-patel-20260716-0910', 'gp-patel', '2026-07-16T08:10:00Z', 10, 'available');
INSERT INTO slots (id, practitioner_id, starts_at, duration_minutes, status) VALUES ('slot-gp-patel-20260716-0920', 'gp-patel', '2026-07-16T08:20:00Z', 10, 'available');
INSERT INTO slots (id, practitioner_id, starts_at, duration_minutes, status) VALUES ('slot-gp-patel-20260716-0930', 'gp-patel', '2026-07-16T08:30:00Z', 10, 'available');
INSERT INTO slots (id, practitioner_id, starts_at, duration_minutes, status) VALUES ('slot-gp-patel-20260716-1100', 'gp-patel', '2026-07-16T10:00:00Z', 10, 'available');
INSERT INTO slots (id, practitioner_id, starts_at, duration_minutes, status) VALUES ('slot-gp-patel-20260716-1110', 'gp-patel', '2026-07-16T10:10:00Z', 10, 'available');
INSERT INTO slots (id, practitioner_id, starts_at, duration_minutes, status) VALUES ('slot-gp-patel-20260716-1500', 'gp-patel', '2026-07-16T14:00:00Z', 10, 'available');
INSERT INTO slots (id, practitioner_id, starts_at, duration_minutes, status) VALUES ('slot-gp-patel-20260716-1510', 'gp-patel', '2026-07-16T14:10:00Z', 10, 'available');
INSERT INTO slots (id, practitioner_id, starts_at, duration_minutes, status) VALUES ('slot-gp-campbell-20260716-0900', 'gp-campbell', '2026-07-16T08:00:00Z', 10, 'available');
INSERT INTO slots (id, practitioner_id, starts_at, duration_minutes, status) VALUES ('slot-gp-campbell-20260716-0910', 'gp-campbell', '2026-07-16T08:10:00Z', 10, 'available');
INSERT INTO slots (id, practitioner_id, starts_at, duration_minutes, status) VALUES ('slot-gp-campbell-20260716-0920', 'gp-campbell', '2026-07-16T08:20:00Z', 10, 'available');
INSERT INTO slots (id, practitioner_id, starts_at, duration_minutes, status) VALUES ('slot-gp-campbell-20260716-0930', 'gp-campbell', '2026-07-16T08:30:00Z', 10, 'available');
INSERT INTO slots (id, practitioner_id, starts_at, duration_minutes, status) VALUES ('slot-gp-campbell-20260716-1100', 'gp-campbell', '2026-07-16T10:00:00Z', 10, 'available');
INSERT INTO slots (id, practitioner_id, starts_at, duration_minutes, status) VALUES ('slot-gp-campbell-20260716-1110', 'gp-campbell', '2026-07-16T10:10:00Z', 10, 'available');
INSERT INTO slots (id, practitioner_id, starts_at, duration_minutes, status) VALUES ('slot-gp-campbell-20260716-1500', 'gp-campbell', '2026-07-16T14:00:00Z', 10, 'available');
INSERT INTO slots (id, practitioner_id, starts_at, duration_minutes, status) VALUES ('slot-gp-campbell-20260716-1510', 'gp-campbell', '2026-07-16T14:10:00Z', 10, 'available');
INSERT INTO slots (id, practitioner_id, starts_at, duration_minutes, status) VALUES ('slot-dentist-hughes-20260716-0900', 'dentist-hughes', '2026-07-16T08:00:00Z', 20, 'available');
INSERT INTO slots (id, practitioner_id, starts_at, duration_minutes, status) VALUES ('slot-dentist-hughes-20260716-0920', 'dentist-hughes', '2026-07-16T08:20:00Z', 20, 'available');
INSERT INTO slots (id, practitioner_id, starts_at, duration_minutes, status) VALUES ('slot-dentist-hughes-20260716-0940', 'dentist-hughes', '2026-07-16T08:40:00Z', 20, 'available');
INSERT INTO slots (id, practitioner_id, starts_at, duration_minutes, status) VALUES ('slot-dentist-hughes-20260716-1400', 'dentist-hughes', '2026-07-16T13:00:00Z', 20, 'available');
INSERT INTO slots (id, practitioner_id, starts_at, duration_minutes, status) VALUES ('slot-dentist-hughes-20260716-1420', 'dentist-hughes', '2026-07-16T13:20:00Z', 20, 'available');
INSERT INTO slots (id, practitioner_id, starts_at, duration_minutes, status) VALUES ('slot-dentist-boateng-20260716-0900', 'dentist-boateng', '2026-07-16T08:00:00Z', 20, 'available');
INSERT INTO slots (id, practitioner_id, starts_at, duration_minutes, status) VALUES ('slot-dentist-boateng-20260716-0920', 'dentist-boateng', '2026-07-16T08:20:00Z', 20, 'available');
INSERT INTO slots (id, practitioner_id, starts_at, duration_minutes, status) VALUES ('slot-dentist-boateng-20260716-0940', 'dentist-boateng', '2026-07-16T08:40:00Z', 20, 'available');
INSERT INTO slots (id, practitioner_id, starts_at, duration_minutes, status) VALUES ('slot-dentist-boateng-20260716-1400', 'dentist-boateng', '2026-07-16T13:00:00Z', 20, 'available');
INSERT INTO slots (id, practitioner_id, starts_at, duration_minutes, status) VALUES ('slot-dentist-boateng-20260716-1420', 'dentist-boateng', '2026-07-16T13:20:00Z', 20, 'available');
INSERT INTO slots (id, practitioner_id, starts_at, duration_minutes, status) VALUES ('slot-gp-okafor-20260717-0900', 'gp-okafor', '2026-07-17T08:00:00Z', 10, 'available');
INSERT INTO slots (id, practitioner_id, starts_at, duration_minutes, status) VALUES ('slot-gp-okafor-20260717-0910', 'gp-okafor', '2026-07-17T08:10:00Z', 10, 'available');
INSERT INTO slots (id, practitioner_id, starts_at, duration_minutes, status) VALUES ('slot-gp-okafor-20260717-0920', 'gp-okafor', '2026-07-17T08:20:00Z', 10, 'available');
INSERT INTO slots (id, practitioner_id, starts_at, duration_minutes, status) VALUES ('slot-gp-okafor-20260717-0930', 'gp-okafor', '2026-07-17T08:30:00Z', 10, 'available');
INSERT INTO slots (id, practitioner_id, starts_at, duration_minutes, status) VALUES ('slot-gp-okafor-20260717-1100', 'gp-okafor', '2026-07-17T10:00:00Z', 10, 'available');
INSERT INTO slots (id, practitioner_id, starts_at, duration_minutes, status) VALUES ('slot-gp-okafor-20260717-1110', 'gp-okafor', '2026-07-17T10:10:00Z', 10, 'available');
INSERT INTO slots (id, practitioner_id, starts_at, duration_minutes, status) VALUES ('slot-gp-okafor-20260717-1500', 'gp-okafor', '2026-07-17T14:00:00Z', 10, 'available');
INSERT INTO slots (id, practitioner_id, starts_at, duration_minutes, status) VALUES ('slot-gp-okafor-20260717-1510', 'gp-okafor', '2026-07-17T14:10:00Z', 10, 'available');
INSERT INTO slots (id, practitioner_id, starts_at, duration_minutes, status) VALUES ('slot-gp-patel-20260717-0900', 'gp-patel', '2026-07-17T08:00:00Z', 10, 'available');
INSERT INTO slots (id, practitioner_id, starts_at, duration_minutes, status) VALUES ('slot-gp-patel-20260717-0910', 'gp-patel', '2026-07-17T08:10:00Z', 10, 'available');
INSERT INTO slots (id, practitioner_id, starts_at, duration_minutes, status) VALUES ('slot-gp-patel-20260717-0920', 'gp-patel', '2026-07-17T08:20:00Z', 10, 'available');
INSERT INTO slots (id, practitioner_id, starts_at, duration_minutes, status) VALUES ('slot-gp-patel-20260717-0930', 'gp-patel', '2026-07-17T08:30:00Z', 10, 'available');
INSERT INTO slots (id, practitioner_id, starts_at, duration_minutes, status) VALUES ('slot-gp-patel-20260717-1100', 'gp-patel', '2026-07-17T10:00:00Z', 10, 'available');
INSERT INTO slots (id, practitioner_id, starts_at, duration_minutes, status) VALUES ('slot-gp-patel-20260717-1110', 'gp-patel', '2026-07-17T10:10:00Z', 10, 'available');
INSERT INTO slots (id, practitioner_id, starts_at, duration_minutes, status) VALUES ('slot-gp-patel-20260717-1500', 'gp-patel', '2026-07-17T14:00:00Z', 10, 'available');
INSERT INTO slots (id, practitioner_id, starts_at, duration_minutes, status) VALUES ('slot-gp-patel-20260717-1510', 'gp-patel', '2026-07-17T14:10:00Z', 10, 'available');
INSERT INTO slots (id, practitioner_id, starts_at, duration_minutes, status) VALUES ('slot-gp-campbell-20260717-0900', 'gp-campbell', '2026-07-17T08:00:00Z', 10, 'available');
INSERT INTO slots (id, practitioner_id, starts_at, duration_minutes, status) VALUES ('slot-gp-campbell-20260717-0910', 'gp-campbell', '2026-07-17T08:10:00Z', 10, 'available');
INSERT INTO slots (id, practitioner_id, starts_at, duration_minutes, status) VALUES ('slot-gp-campbell-20260717-0920', 'gp-campbell', '2026-07-17T08:20:00Z', 10, 'available');
INSERT INTO slots (id, practitioner_id, starts_at, duration_minutes, status) VALUES ('slot-gp-campbell-20260717-0930', 'gp-campbell', '2026-07-17T08:30:00Z', 10, 'available');
INSERT INTO slots (id, practitioner_id, starts_at, duration_minutes, status) VALUES ('slot-gp-campbell-20260717-1100', 'gp-campbell', '2026-07-17T10:00:00Z', 10, 'available');
INSERT INTO slots (id, practitioner_id, starts_at, duration_minutes, status) VALUES ('slot-gp-campbell-20260717-1110', 'gp-campbell', '2026-07-17T10:10:00Z', 10, 'available');
INSERT INTO slots (id, practitioner_id, starts_at, duration_minutes, status) VALUES ('slot-gp-campbell-20260717-1500', 'gp-campbell', '2026-07-17T14:00:00Z', 10, 'available');
INSERT INTO slots (id, practitioner_id, starts_at, duration_minutes, status) VALUES ('slot-gp-campbell-20260717-1510', 'gp-campbell', '2026-07-17T14:10:00Z', 10, 'available');
INSERT INTO slots (id, practitioner_id, starts_at, duration_minutes, status) VALUES ('slot-dentist-hughes-20260717-0900', 'dentist-hughes', '2026-07-17T08:00:00Z', 20, 'available');
INSERT INTO slots (id, practitioner_id, starts_at, duration_minutes, status) VALUES ('slot-dentist-hughes-20260717-0920', 'dentist-hughes', '2026-07-17T08:20:00Z', 20, 'available');
INSERT INTO slots (id, practitioner_id, starts_at, duration_minutes, status) VALUES ('slot-dentist-hughes-20260717-0940', 'dentist-hughes', '2026-07-17T08:40:00Z', 20, 'available');
INSERT INTO slots (id, practitioner_id, starts_at, duration_minutes, status) VALUES ('slot-dentist-hughes-20260717-1400', 'dentist-hughes', '2026-07-17T13:00:00Z', 20, 'available');
INSERT INTO slots (id, practitioner_id, starts_at, duration_minutes, status) VALUES ('slot-dentist-hughes-20260717-1420', 'dentist-hughes', '2026-07-17T13:20:00Z', 20, 'available');
INSERT INTO slots (id, practitioner_id, starts_at, duration_minutes, status) VALUES ('slot-dentist-boateng-20260717-0900', 'dentist-boateng', '2026-07-17T08:00:00Z', 20, 'available');
INSERT INTO slots (id, practitioner_id, starts_at, duration_minutes, status) VALUES ('slot-dentist-boateng-20260717-0920', 'dentist-boateng', '2026-07-17T08:20:00Z', 20, 'available');
INSERT INTO slots (id, practitioner_id, starts_at, duration_minutes, status) VALUES ('slot-dentist-boateng-20260717-0940', 'dentist-boateng', '2026-07-17T08:40:00Z', 20, 'available');
INSERT INTO slots (id, practitioner_id, starts_at, duration_minutes, status) VALUES ('slot-dentist-boateng-20260717-1400', 'dentist-boateng', '2026-07-17T13:00:00Z', 20, 'available');
INSERT INTO slots (id, practitioner_id, starts_at, duration_minutes, status) VALUES ('slot-dentist-boateng-20260717-1420', 'dentist-boateng', '2026-07-17T13:20:00Z', 20, 'available');
INSERT INTO slots (id, practitioner_id, starts_at, duration_minutes, status) VALUES ('slot-gp-okafor-20260720-0900', 'gp-okafor', '2026-07-20T08:00:00Z', 10, 'available');
INSERT INTO slots (id, practitioner_id, starts_at, duration_minutes, status) VALUES ('slot-gp-okafor-20260720-0910', 'gp-okafor', '2026-07-20T08:10:00Z', 10, 'available');
INSERT INTO slots (id, practitioner_id, starts_at, duration_minutes, status) VALUES ('slot-gp-okafor-20260720-0920', 'gp-okafor', '2026-07-20T08:20:00Z', 10, 'available');
INSERT INTO slots (id, practitioner_id, starts_at, duration_minutes, status) VALUES ('slot-gp-okafor-20260720-0930', 'gp-okafor', '2026-07-20T08:30:00Z', 10, 'available');
INSERT INTO slots (id, practitioner_id, starts_at, duration_minutes, status) VALUES ('slot-gp-okafor-20260720-1100', 'gp-okafor', '2026-07-20T10:00:00Z', 10, 'available');
INSERT INTO slots (id, practitioner_id, starts_at, duration_minutes, status) VALUES ('slot-gp-okafor-20260720-1110', 'gp-okafor', '2026-07-20T10:10:00Z', 10, 'available');
INSERT INTO slots (id, practitioner_id, starts_at, duration_minutes, status) VALUES ('slot-gp-okafor-20260720-1500', 'gp-okafor', '2026-07-20T14:00:00Z', 10, 'available');
INSERT INTO slots (id, practitioner_id, starts_at, duration_minutes, status) VALUES ('slot-gp-okafor-20260720-1510', 'gp-okafor', '2026-07-20T14:10:00Z', 10, 'available');
INSERT INTO slots (id, practitioner_id, starts_at, duration_minutes, status) VALUES ('slot-gp-patel-20260720-0900', 'gp-patel', '2026-07-20T08:00:00Z', 10, 'available');
INSERT INTO slots (id, practitioner_id, starts_at, duration_minutes, status) VALUES ('slot-gp-patel-20260720-0910', 'gp-patel', '2026-07-20T08:10:00Z', 10, 'available');
INSERT INTO slots (id, practitioner_id, starts_at, duration_minutes, status) VALUES ('slot-gp-patel-20260720-0920', 'gp-patel', '2026-07-20T08:20:00Z', 10, 'available');
INSERT INTO slots (id, practitioner_id, starts_at, duration_minutes, status) VALUES ('slot-gp-patel-20260720-0930', 'gp-patel', '2026-07-20T08:30:00Z', 10, 'available');
INSERT INTO slots (id, practitioner_id, starts_at, duration_minutes, status) VALUES ('slot-gp-patel-20260720-1100', 'gp-patel', '2026-07-20T10:00:00Z', 10, 'available');
INSERT INTO slots (id, practitioner_id, starts_at, duration_minutes, status) VALUES ('slot-gp-patel-20260720-1110', 'gp-patel', '2026-07-20T10:10:00Z', 10, 'available');
INSERT INTO slots (id, practitioner_id, starts_at, duration_minutes, status) VALUES ('slot-gp-patel-20260720-1500', 'gp-patel', '2026-07-20T14:00:00Z', 10, 'available');
INSERT INTO slots (id, practitioner_id, starts_at, duration_minutes, status) VALUES ('slot-gp-patel-20260720-1510', 'gp-patel', '2026-07-20T14:10:00Z', 10, 'available');
INSERT INTO slots (id, practitioner_id, starts_at, duration_minutes, status) VALUES ('slot-gp-campbell-20260720-0900', 'gp-campbell', '2026-07-20T08:00:00Z', 10, 'available');
INSERT INTO slots (id, practitioner_id, starts_at, duration_minutes, status) VALUES ('slot-gp-campbell-20260720-0910', 'gp-campbell', '2026-07-20T08:10:00Z', 10, 'available');
INSERT INTO slots (id, practitioner_id, starts_at, duration_minutes, status) VALUES ('slot-gp-campbell-20260720-0920', 'gp-campbell', '2026-07-20T08:20:00Z', 10, 'available');
INSERT INTO slots (id, practitioner_id, starts_at, duration_minutes, status) VALUES ('slot-gp-campbell-20260720-0930', 'gp-campbell', '2026-07-20T08:30:00Z', 10, 'available');
INSERT INTO slots (id, practitioner_id, starts_at, duration_minutes, status) VALUES ('slot-gp-campbell-20260720-1100', 'gp-campbell', '2026-07-20T10:00:00Z', 10, 'available');
INSERT INTO slots (id, practitioner_id, starts_at, duration_minutes, status) VALUES ('slot-gp-campbell-20260720-1110', 'gp-campbell', '2026-07-20T10:10:00Z', 10, 'available');
INSERT INTO slots (id, practitioner_id, starts_at, duration_minutes, status) VALUES ('slot-gp-campbell-20260720-1500', 'gp-campbell', '2026-07-20T14:00:00Z', 10, 'available');
INSERT INTO slots (id, practitioner_id, starts_at, duration_minutes, status) VALUES ('slot-gp-campbell-20260720-1510', 'gp-campbell', '2026-07-20T14:10:00Z', 10, 'available');
INSERT INTO slots (id, practitioner_id, starts_at, duration_minutes, status) VALUES ('slot-dentist-hughes-20260720-0900', 'dentist-hughes', '2026-07-20T08:00:00Z', 20, 'available');
INSERT INTO slots (id, practitioner_id, starts_at, duration_minutes, status) VALUES ('slot-dentist-hughes-20260720-0920', 'dentist-hughes', '2026-07-20T08:20:00Z', 20, 'available');
INSERT INTO slots (id, practitioner_id, starts_at, duration_minutes, status) VALUES ('slot-dentist-hughes-20260720-0940', 'dentist-hughes', '2026-07-20T08:40:00Z', 20, 'available');
INSERT INTO slots (id, practitioner_id, starts_at, duration_minutes, status) VALUES ('slot-dentist-hughes-20260720-1400', 'dentist-hughes', '2026-07-20T13:00:00Z', 20, 'available');
INSERT INTO slots (id, practitioner_id, starts_at, duration_minutes, status) VALUES ('slot-dentist-hughes-20260720-1420', 'dentist-hughes', '2026-07-20T13:20:00Z', 20, 'available');
INSERT INTO slots (id, practitioner_id, starts_at, duration_minutes, status) VALUES ('slot-dentist-boateng-20260720-0900', 'dentist-boateng', '2026-07-20T08:00:00Z', 20, 'available');
INSERT INTO slots (id, practitioner_id, starts_at, duration_minutes, status) VALUES ('slot-dentist-boateng-20260720-0920', 'dentist-boateng', '2026-07-20T08:20:00Z', 20, 'available');
INSERT INTO slots (id, practitioner_id, starts_at, duration_minutes, status) VALUES ('slot-dentist-boateng-20260720-0940', 'dentist-boateng', '2026-07-20T08:40:00Z', 20, 'available');
INSERT INTO slots (id, practitioner_id, starts_at, duration_minutes, status) VALUES ('slot-dentist-boateng-20260720-1400', 'dentist-boateng', '2026-07-20T13:00:00Z', 20, 'available');
INSERT INTO slots (id, practitioner_id, starts_at, duration_minutes, status) VALUES ('slot-dentist-boateng-20260720-1420', 'dentist-boateng', '2026-07-20T13:20:00Z', 20, 'available');
INSERT INTO slots (id, practitioner_id, starts_at, duration_minutes, status) VALUES ('slot-gp-okafor-20260721-0900', 'gp-okafor', '2026-07-21T08:00:00Z', 10, 'available');
INSERT INTO slots (id, practitioner_id, starts_at, duration_minutes, status) VALUES ('slot-gp-okafor-20260721-0910', 'gp-okafor', '2026-07-21T08:10:00Z', 10, 'available');
INSERT INTO slots (id, practitioner_id, starts_at, duration_minutes, status) VALUES ('slot-gp-okafor-20260721-0920', 'gp-okafor', '2026-07-21T08:20:00Z', 10, 'available');
INSERT INTO slots (id, practitioner_id, starts_at, duration_minutes, status) VALUES ('slot-gp-okafor-20260721-0930', 'gp-okafor', '2026-07-21T08:30:00Z', 10, 'available');
INSERT INTO slots (id, practitioner_id, starts_at, duration_minutes, status) VALUES ('slot-gp-okafor-20260721-1100', 'gp-okafor', '2026-07-21T10:00:00Z', 10, 'available');
INSERT INTO slots (id, practitioner_id, starts_at, duration_minutes, status) VALUES ('slot-gp-okafor-20260721-1110', 'gp-okafor', '2026-07-21T10:10:00Z', 10, 'available');
INSERT INTO slots (id, practitioner_id, starts_at, duration_minutes, status) VALUES ('slot-gp-okafor-20260721-1500', 'gp-okafor', '2026-07-21T14:00:00Z', 10, 'available');
INSERT INTO slots (id, practitioner_id, starts_at, duration_minutes, status) VALUES ('slot-gp-okafor-20260721-1510', 'gp-okafor', '2026-07-21T14:10:00Z', 10, 'available');
INSERT INTO slots (id, practitioner_id, starts_at, duration_minutes, status) VALUES ('slot-gp-patel-20260721-0900', 'gp-patel', '2026-07-21T08:00:00Z', 10, 'available');
INSERT INTO slots (id, practitioner_id, starts_at, duration_minutes, status) VALUES ('slot-gp-patel-20260721-0910', 'gp-patel', '2026-07-21T08:10:00Z', 10, 'available');
INSERT INTO slots (id, practitioner_id, starts_at, duration_minutes, status) VALUES ('slot-gp-patel-20260721-0920', 'gp-patel', '2026-07-21T08:20:00Z', 10, 'available');
INSERT INTO slots (id, practitioner_id, starts_at, duration_minutes, status) VALUES ('slot-gp-patel-20260721-0930', 'gp-patel', '2026-07-21T08:30:00Z', 10, 'available');
INSERT INTO slots (id, practitioner_id, starts_at, duration_minutes, status) VALUES ('slot-gp-patel-20260721-1100', 'gp-patel', '2026-07-21T10:00:00Z', 10, 'available');
INSERT INTO slots (id, practitioner_id, starts_at, duration_minutes, status) VALUES ('slot-gp-patel-20260721-1110', 'gp-patel', '2026-07-21T10:10:00Z', 10, 'available');
INSERT INTO slots (id, practitioner_id, starts_at, duration_minutes, status) VALUES ('slot-gp-patel-20260721-1500', 'gp-patel', '2026-07-21T14:00:00Z', 10, 'available');
INSERT INTO slots (id, practitioner_id, starts_at, duration_minutes, status) VALUES ('slot-gp-patel-20260721-1510', 'gp-patel', '2026-07-21T14:10:00Z', 10, 'available');
INSERT INTO slots (id, practitioner_id, starts_at, duration_minutes, status) VALUES ('slot-gp-campbell-20260721-0900', 'gp-campbell', '2026-07-21T08:00:00Z', 10, 'available');
INSERT INTO slots (id, practitioner_id, starts_at, duration_minutes, status) VALUES ('slot-gp-campbell-20260721-0910', 'gp-campbell', '2026-07-21T08:10:00Z', 10, 'available');
INSERT INTO slots (id, practitioner_id, starts_at, duration_minutes, status) VALUES ('slot-gp-campbell-20260721-0920', 'gp-campbell', '2026-07-21T08:20:00Z', 10, 'available');
INSERT INTO slots (id, practitioner_id, starts_at, duration_minutes, status) VALUES ('slot-gp-campbell-20260721-0930', 'gp-campbell', '2026-07-21T08:30:00Z', 10, 'available');
INSERT INTO slots (id, practitioner_id, starts_at, duration_minutes, status) VALUES ('slot-gp-campbell-20260721-1100', 'gp-campbell', '2026-07-21T10:00:00Z', 10, 'available');
INSERT INTO slots (id, practitioner_id, starts_at, duration_minutes, status) VALUES ('slot-gp-campbell-20260721-1110', 'gp-campbell', '2026-07-21T10:10:00Z', 10, 'available');
INSERT INTO slots (id, practitioner_id, starts_at, duration_minutes, status) VALUES ('slot-gp-campbell-20260721-1500', 'gp-campbell', '2026-07-21T14:00:00Z', 10, 'available');
INSERT INTO slots (id, practitioner_id, starts_at, duration_minutes, status) VALUES ('slot-gp-campbell-20260721-1510', 'gp-campbell', '2026-07-21T14:10:00Z', 10, 'available');
INSERT INTO slots (id, practitioner_id, starts_at, duration_minutes, status) VALUES ('slot-dentist-hughes-20260721-0900', 'dentist-hughes', '2026-07-21T08:00:00Z', 20, 'available');
INSERT INTO slots (id, practitioner_id, starts_at, duration_minutes, status) VALUES ('slot-dentist-hughes-20260721-0920', 'dentist-hughes', '2026-07-21T08:20:00Z', 20, 'available');
INSERT INTO slots (id, practitioner_id, starts_at, duration_minutes, status) VALUES ('slot-dentist-hughes-20260721-0940', 'dentist-hughes', '2026-07-21T08:40:00Z', 20, 'available');
INSERT INTO slots (id, practitioner_id, starts_at, duration_minutes, status) VALUES ('slot-dentist-hughes-20260721-1400', 'dentist-hughes', '2026-07-21T13:00:00Z', 20, 'available');
INSERT INTO slots (id, practitioner_id, starts_at, duration_minutes, status) VALUES ('slot-dentist-hughes-20260721-1420', 'dentist-hughes', '2026-07-21T13:20:00Z', 20, 'available');
INSERT INTO slots (id, practitioner_id, starts_at, duration_minutes, status) VALUES ('slot-dentist-boateng-20260721-0900', 'dentist-boateng', '2026-07-21T08:00:00Z', 20, 'available');
INSERT INTO slots (id, practitioner_id, starts_at, duration_minutes, status) VALUES ('slot-dentist-boateng-20260721-0920', 'dentist-boateng', '2026-07-21T08:20:00Z', 20, 'available');
INSERT INTO slots (id, practitioner_id, starts_at, duration_minutes, status) VALUES ('slot-dentist-boateng-20260721-0940', 'dentist-boateng', '2026-07-21T08:40:00Z', 20, 'available');
INSERT INTO slots (id, practitioner_id, starts_at, duration_minutes, status) VALUES ('slot-dentist-boateng-20260721-1400', 'dentist-boateng', '2026-07-21T13:00:00Z', 20, 'available');
INSERT INTO slots (id, practitioner_id, starts_at, duration_minutes, status) VALUES ('slot-dentist-boateng-20260721-1420', 'dentist-boateng', '2026-07-21T13:20:00Z', 20, 'available');
